director_id,director_firstName,director_lastName
1,Richard,Finn
2,Tim,Maltby
3,Fernando,Lebrija
4,Gabe,Ibáñez
5,Rodrigo,Toro
6,Francisco,Schultz
7,Henrik Ruben,Genz
8,Daniel,Alfredson
9,Tilak,Shetty
10,Gaspar,Noé
11,Tom,O'Brien
12,Antoine,Bardou-Jacquet
13,Brad,Anderson
14,Austin,Stark
15,Hannah,Fidell
16,Sopon,Sukdapisit
17,Kevin R.,Adams
18,Joe,Ksander
19,Ian,Samuels
20,Franck,Ribière
21,Daniele,Thompson
22,Anubhav,Sinha
23,Tharun,Bhascker
24,Tom,Gianas
25,Ross R.,Shuman
26,Rajkumar,Hirani
27,Robert,Osman
28,Nathanael,Wiseman
29,Jon,Spira
30,Mez,Tharatorn
31,Adisorn,Tresirikasem
32,Banjong,Pisanthanakun
33,Paween,Purikitpanya
34,Songyos,Sugmakanan
35,Parkpoom,Wongpoom
36,Visute,Poolvoralaks
37,Chayanop,Boonprakob
38,Susan,Johnson
39,Lynn,Shelton
40,Farhan,Alam
41,Chad,Archibald
42,Brian,Baugh
43,A. L.,Vijay
44,Ryan,Coogler
45,Ben,Palmer
46,Chris,Howe
47,Ken,Kwapis
48,Park,In-je
49,Brian,McGinn
50,Jesse V.,Johnson
51,Mahsun,Kırmızıgül
52,Monique,Gardenberg
53,Mike,Flanagan
54,Ritesh,Batra
55,William,Lau
56,Brian De,Palma
57,Rizal,Mantovani
58,Han,Yan
59,Jeremy,Saulnier
60,Raditya,Dika
61,Rocky,Soraya
62,Sunil,Soraya
63,Gerardo,Olivares
64,Gupse,Özay
65,Jim,Mickle
66,Koji,Morimoto
67,Michael,Arias
68,Masaru,Matsumoto
69,Arthell,Isom
70,Henry,Thurlow
71,Takanobu,Mizuno
72,Elsa,Nakamichi
73,Hajime,Sasaki
74,Shinji,Takagi
75,Chi Fat,Chan
76,Nabil,Ayouch
77,Rob,LaDuca
78,Robert C.,Ramirez
79,Mangesh,Hadawale
80,Wong Kar,Wai
81,Rob,Cohen
82,Louis J.,Horvitz
83,Linda,Saffire
84,Adam,Schlesinger
85,Clay,Tweel
86,Le Van,Kiet
87,Eric,Summer
88,Éric,Warin
89,B. V. Nandini,Reddy
90,Mario Van,Peebles
91,Ava,DuVernay
92,Benjamin,Turner
93,Michael J.,Bassett
94,Troy,Miller
95,Tan,Bing
96,Warren P.,Sonoda
97,Álex de la,Iglesia
98,Rahul,Ravindran
99,Archie,Borders
100,Jon,Shenk
101,Bobcat,Goldthwait
102,Deepti,Naval
103,Morgan,Neville
104,Anthony,Byrne
105,Chris,Moukarbel
106,Ana Lily,Amirpour
107,Alex,Winter
108,Kemi,Adetiba
109,Toka,McBaror
110,Gilles,Paquet-Brenner
111,Niyi,Akinmolayan
112,Rashida,Jones
113,Alan,Hicks
114,Scott,Aukerman
115,Amara,Cash
116,Kiko Cruz,Claverol
117,Patricia,Font
118,Bedran,Güzel
119,Chun,Wong
120,Coerte,Voorhees
121,John,Voorhees
122,Ham,Tran
123,Feng,Xiaogang
124,Gary Michael,Schultz
125,Liv,Ullmann
126,Sandeep Reddy,Vanga
127,Jacques,Perrin
128,Jacques,Cluzaud
129,Justin,Benson
130,Aaron,Moorhead
131,Michael,Bonfiglio
132,Zack,Whedon
133,Eric,Stoltz
134,Conrad,Helten
135,Teo,Konuralp
136,Chris,Perkel
137,Cheh,Chang
138,Manny,Rodriguez
139,Robert,Eggers
140,Chuck,Russell
141,John Erick,Dowdle
142,Edgar,Wright
143,Tony,Elliott
144,Louis,C.K.
145,Tim,Skousen
146,Tom,Donahue
147,Michèle,Ohayon
148,Timothy Woodward,Jr.
149,Nia,Dinata
150,Mark,O'Connor
151,Ajithkumar,Ajithkumar
152,Lucky,Kuswandi
153,Riri,Riza
154,Vijay,Milton
155,Santwana,Bardoloi
156,Atanu,Ghosh
157,Amitava,Bhattacharya
158,Partha,Chakraborty
159,Arie,Azis
160,Angelina,Jolie
161,Pavel,Parkhomenko
162,Azfar,Jafri
163,R. Ellis,Frazier
164,Mark,Tonderai
165,Roman,Atwood
166,Ben,Pluimer
167,Dan,Forrer
168,Kip,Andersen
169,Keegan,Kuhn
170,Randall,Lobb
171,Stacie,Passon
172,Manop,Janjarasskul
173,Shinsuke,Sato
174,Chatchai,Katenut
175,Manussa,Vorasingha
176,Tanwarin,Sukkhapisit
177,Poj,Arnon
178,Ariel,Vromen
179,Nicole,Holofcener
180,Jerry G.,Angelo
181,Michael,Feifer
182,Elle,Callahan
183,Alex,Stapleton
184,Kıvanç,Baruönü
185,Teng,Huatao
186,Nzingha,Stewart
187,Mark,Dennis
188,Ben,Foster
189,Ben,Wallis
190,David,Soren
191,Alessio,Cremonini
192,Michael,Simon
193,Joram,Lürsen
194,Oliver,Frampton
195,Mike,Binder
196,Ryan,Murphy
197,Mark,Franchetti
198,Andrew,Meier
199,Damián,Romay
200,Trent,Haaga
201,Mary,Harron
202,Roger,Donaldson
203,Steven C.,Miller
204,Richard,Miron
205,Tony,Leondis
206,Roger,Kumble
207,Kunle,Afolayan
208,Craig,Gillespie
209,Nick,Cassavetes
210,Clint,Eastwood
211,Petra,Costa
212,Lea,Glob
213,Roger,Allers
214,Jill,Culton
215,Wolfgang,Petersen
216,Jonathan,Demme
217,Bernie,Denk
218,Ivan,Reitman
219,Greg,Mottola
220,Alejandro,Agresti
221,Daniel,Stamm
222,Phillip,Noyce
223,Tony,Scott
224,Ahmed,Zain
225,Mohamed,Hamdy
226,Dennis,Dugan
227,Peter,Ho
228,Jordi,Llompart
229,Rian,Johnson
230,Olivier,Marchal
231,Dennis,Iliadis
232,Qaushiq,Mukherjee
233,Sudip,Bandyopadhyay
234,Onir,Onir
235,Jatla,Siddartha
236,Kanwal,Sethi
237,Alfonso,Cuarón
238,Samuel,Jouy
239,Akiva,Goldsman
240,Damien,Leone
241,Karen,Moncrieff
242,Sophon,Sakdaphisit
243,Curtis,Hanson
244,Rajiv,Mehra
245,Toshiyuki,Kubooka
246,Todd S.,Yellin
247,Syrine,Boulanouar
248,Toshiya,Shinohara
249,Mohammed,Hussain
250,Eli,Craig
251,Parambrata,Chatterjee
252,Shammi,Kapoor
253,Umesh,Mehra
254,Masahiko,Murata
255,Hirotsugu,Kawasaki
256,Toshiyuki,Tsuru
257,Tensai,Okamura
258,Florian,Schnell
259,Wynn,Padula
260,Thierry,Demaizière
261,Alban,Teurlai
262,Spike,Lee
263,Latif,Faiziyev
264,Gastón,Duprat
265,Mariano,Cohn
266,Bette,Gordon
267,Gary,Wang
268,Raz,Degan
269,Israel Adrián,Caetano
270,Drew,Stone
271,Jelle de,Jonge
272,Afia,Nathaniel
273,Luke,Jurevicius
274,Sean,Cisterna
275,Nacho G.,Velilla
276,David,Serrano
277,Jay,Chapman
278,Jenny,Gage
279,Kaila,York
280,Ifa,Isfansyah
281,Stan,Lathan
282,Angga Dwimas,Sasongko
283,Ryan,Polito
284,Kabir,Bhatia
285,Russell,Crowe
286,Andrew,Sandler
287,Dave,Higby
288,Richie,Smyth
289,Andibachtiar,Yusuf
290,Dustin,Nguyen
291,Chris,Eigeman
292,Stanley,Tong
293,Vandana,Kataria
294,Olaf de,Fleur
295,Tamara,Jenkins
296,Onur,Bilgetay
297,Vincenzo,Natali
298,Tugçe,Soysop
299,Jacob,Joice
300,Steve,Ball
301,Craig,Goodwill
302,Mickey,Liddell
303,Michael D.,Black
304,Juani,Libonatti
305,DJ,Chen
306,Dani de la,Torre
307,Jerrold,Tarog
308,Judah,Friedlander
309,Errol,Morris
310,Oliver,Blackburn
311,Park,Joon-hwa
312,Saravana,Rajendran
313,Jitendra,Tiwari
314,Pranav,Singh
315,Vivek,Wagh
316,Alex,Israel
317,Joe,Camp
318,Kavi,Raz
319,Nick,Simon
320,Don,Mancini
321,Brandon,Jones
322,Alain,Desrochers
323,Brian,Volk-Weiss
324,Deniz Gamze,Ergüven
325,Robert,Vince
326,Matt,Kay
327,Drake,Doremus
328,Osgood,Perkins
329,Werner,Herzog
330,Julien,Rambaldi
331,Yvan,Attal
332,Benjamin,Weill
333,Scott,Hussion
334,Seth,Fuller
335,Wilson,Yip
336,Griffin,Dunne
337,Roger,Gual
338,J.,Davis
339,Rob,Smat
340,Aleksey,German
341,Eric,Zaragosa
342,Sergio,Barrejón
343,Vijay,Yelakanti
344,Katherine,Dieckmann
345,Natalie,Portman
346,John,Murlowski
347,Ozan,Açıktan
348,Craig,Brewer
349,Zak,Hilditch
350,Michael,Steiner
351,Vlad,Yudin
352,Mark,Radice
353,Quentin,Tarantino
354,Chris,Buck
355,Jennifer,Lee
356,Patrick,Osborne
357,Lauren,MacMullan
358,John,Kahrs
359,Nathan,Greno
360,Byron,Howard
361,Stevie,Wermers
362,Dean,Wellins
363,Kevin,Deters
364,Mike,Gabriel
365,Mark,Henn
366,Andrew,Slater
367,Glen,Goei
368,Gavin,Yap
369,S.S.,Rajamouli
370,Brian,Klein
371,Ross,Kauffman
372,Sarik,Andreasyan
373,Huw,Cordey
374,Yuen,Woo-ping
375,Steve,Brill
376,Don Michael,Paul
377,Noah,Baumbach
378,Jonathan,Mostow
379,Brett,Haley
380,Gillian,Robespierre
381,Tobe,Hooper
382,Daniel,Benmayor
383,Abu Bakr,Shawky
384,Jedd,Wider
385,Todd,Wider
386,Nagesh,Kukunoor
387,Priyadarshan,Priyadarshan
388,Raj,Kanwar
389,Pooja,Bhatt
390,Satish,Kaushik
391,Nikhil,Advani
392,Anees,Bazmee
393,Andrew,Bujalski
394,Ben,Wheatley
395,Anthony,Giordano
396,Wyatt,Cenac
397,Joanna,Lombardi
398,Bruno,Ascenzo
399,David,Batty
400,Rachel,Grady
401,Jeremy,Rush
402,Luis Javier,Henaine
403,Eric,Idle
404,Aubrey,Powell
405,Will,Yapp
406,Terry,Hughes
407,Ian,MacNaughton
408,Roger,Graef
409,James,Rogan
410,Terry,Jones
411,Leslye,Headland
412,Jay,Karas
413,Barry,Sonnenfeld
414,Omoni,Oboli
415,Thomas,Vinterberg
416,Marcos,Bucay
417,Peter,Lepeniotis
418,Kim,Jee-woon
419,Rajesh,Touchriver
420,David,Lam
421,Timo,Tjahjanto
422,Reem,Kherici
423,Adze,Ugah
424,Steve,Gukas
425,Ciarán,Foy
426,Yılmaz,Erdo_an
427,Tope,Oshin
428,Daniel Sánchez,Arévalo
429,Don,Omope
430,Steven,Soderbergh
431,Udai Singh,Pawar
432,Guntur,Soeharjanto
433,Thiru,Thiru
434,Harald,Zwart
435,Bruce,McDonald
436,Kim,Joo-hyung
437,Louie,Psihoyos
438,Tom,Forrest
439,Milan,Luthria
440,John,Crowley
441,Ranjit,Tiwari
442,Tom,Fassaert
443,Adam,Dubin
444,Cary Joji,Fukunaga
445,Aaron,Hann
446,Mario,Miscione
447,Ahmet,Katıksız
448,Alexandros,Avranas
449,Anik,Datta
450,Ishaan,Trivedi
451,Biswajeet,Bora
452,Sohail,Tatari
453,David,Stubbs
454,Madhur,Bhandarkar
455,Parveen,Kumar
456,Matías,Gueilburt
457,Ananth Narayan,Mahadevan
458,Girish,Malik
459,Debaloy,Dey
460,Martin,Rosete
461,Jasmine,D'Souza
462,Ben C.,Lucas
463,Rohit,Jugraj
464,Shakti,Samanta
465,Raj B.,Shetty
466,Navneet,Behal
467,Sukhbir,Singh
468,Naresh,Saigal
469,Ram Gopal,Varma
470,Thomas,Sorriaux
471,Noriyuki,Abe
472,Clovis,Cornillac
473,Hajime,Kamegaki
474,Jean-François,Blais
475,Derek,Hui
476,Kevin,MacDonald
477,Stefano,Sollima
478,Leïla,Sy
479,Kery,James
480,Shaad,Ali
481,Mahmoud al,Massad
482,Yesim,Ustaoglu
483,Jan,Suter
484,McG,McG
485,Christopher,Guest
486,Gareth,Evans
487,Paul Urkijo,Alijo
488,Sara,Colangelo
489,Mahmoud,Sabbagh
490,Borja,Cobeaga
491,Leo,Riley
492,Hakan,Algül
493,Vince,Gilligan
494,Bolanle,Austen-Peters
495,Sion,Sono
496,Dennis Rovira van,Boekholt
497,Mohamed,Diab
498,Paul,Greengrass
499,Rusty,Cundieff
500,Darin,Scott
501,Alastair,Fothergill
502,James,Yukich
503,Maciej,Dejczer
504,Rusty,Nixon
505,Lee,Tamahori
506,ard,Rich
507,Michael,Bay
508,Ted,Demme
509,Bernard,Rose
510,Lee,Yoon-jung
511,Paul,Haggis
512,Dave,Green
513,Wojciech,Marczewski
514,Andrzej,Bartkowiak
515,Roy,Poortmans
516,Brian,Robbins
517,Mark,Helfrich
518,Jon,Hurwitz
519,Hayden,Schlossberg
520,Bille,Woodruff
521,Janusz,Majewski
522,Alex,Merkin
523,Alex,Proyas
524,Jacek,Koprowicz
525,Nicholaus,Goossen
526,Scott,Hicks
527,Morgan,Spurlock
528,Martin,Scorsese
529,Stig,Bergqvist
530,Paul,Demeyer
531,Wes,Craven
532,Asif,Kapadia
533,Robert,Rodriguez
534,Frank,Miller
535,Dorian,Fernández-Moris
536,Jeannot,Szwarc
537,Bryan,Singer
538,Ash,Brannon
539,Andy,Tennant
540,Rob,Reiner
541,Marek,Piwowski
542,Brian,Levant
543,Stanis_aw,Ró_ewicz
544,Gabriele,Muccino
545,Igor,Kovalyov
546,Norton,Virgien
547,Krzysztof,Zanussi
548,Robert,Schwentke
549,Danny,Boyle
550,Paul,Feig
551,Alex,Smith
552,Andrew J.,Smith
553,Antoni,Krauze
554,Simranjit Singh,Hundal
555,Justin G.,Dyck
556,N.,Linguswamy
557,Deep,Joshi
558,Antoine,Fuqua
559,John,Curran
560,Rakeysh Omprakash,Mehra
561,Anurag,Kashyap
562,Manjeet,Maan
563,Shakun,Batra
564,Andrew,Renzi
565,Amitoj,Mann
566,Amarpreet G S,Chabbra
567,Paresh,Mokashi
568,Anurag,Basu
569,Ashutosh,Gowariker
570,Atharv,Baluja
571,Vishal,Bhardwaj
572,Leslie,Small
573,Tim,Story
574,Shannon,Hartman
575,Shashanka,Ghosh
576,Puneet,Sira
577,Aziz,Mirza
578,Renzil,D'Silva
579,Smeep,Kang
580,Sameer,Sharma
581,Chandan,Arora
582,Baljit Singh,Deo
583,Mysskin,Mysskin
584,Rajan,Madhav
585,Raaghav,Dar
586,Ishi,Rudell
587,David Lee,Miller
588,Amit,Saxena
589,Pankaj,Batra
590,Jaivi,Dhanda
591,Suman,Ghosh
592,Kabir,Khan
593,Akshay,Akkineni
594,Nidhi,Sharma
595,Mastan Alibhai,Burmawalla
596,Abbas Alibhai,Burmawalla
597,Vipin,Parashar
598,Vikram,Pradhan
599,Vijay,Vijay
600,Sundar,C.
601,Sartaj Singh,Pannu
602,Vikramaditya,Motwane
603,James,McTeigue
604,Ayaan,Mukherji
605,Sidharth,Malhotra
606,Saket,Behl
607,Kevin,Smith
608,Anjum,Shahzad
609,Geun-hyun,Cho
610,Christian,Desmares
611,Franck,Ekinci
612,Kyran,Kelly
613,Adam,Wood
614,Zeke,Norton
615,Karen J.,Lloyd
616,Andrew,Tan
617,Michael,Goguen
618,Ezekiel,Norton
619,Alê,Abreu
620,Carlos,Therón
621,Gabe,Turner
622,Steve,Race
623,Brett,Harvey
624,Gaëtan,Brizzi
625,Paul,Brizzi
626,Joan C.,Gratz
627,Mohammed Saeed,Harib
628,Tomm,Moore
629,Nina,Paley
630,Bill,Plympton
631,Joann,Sfar
632,Michael,Socha
633,Keiichi,Hara
634,Audu,Paden
635,Eric,Radomski
636,Claude,Barras
637,Jean-Loup,Felicioli
638,Alain,Gagnol
639,Toa,Fraser
640,Vibeke,Idsøe
641,Chan-sang,Lim
642,Carlos,Algara
643,Alejandro,Martinez-Beltran
644,Stephen,Donnelly
645,Olly,Reid
646,Jun,Falkenstein
647,Mikhil,Musale
648,Guilherme,Fontes
649,Aamir,Bashir
650,Alejandro Fernández,Almendras
651,David,Schalko
652,Pieter,Kuijpers
653,Prashant,Nair
654,Paul,Taublieb
655,Jon,Freeman
656,Riccardo,Milani
657,Larry,Elikann
658,Robert,Markowitz
659,Eric,Laneuville
660,Joel,Oliansky
661,Roy Campanella,II
662,Arthur Allan,Seidelman
663,John,Herzfeld
664,Buzz,Kulik
665,Richard,Michaels
666,Linda,Otto
667,Roger,Young
668,Vincent,Kok
669,Fellipe,Barbosa
670,Christian,Zübert
671,David,Mackenzie
672,David,Palmer
673,Dax,Shepard
674,Luke,Snellin
675,Xavier,Durringer
676,Jack C.,Newell
677,Cecilia,Atán
678,Valeria,Pivato
679,Gus Van,Sant
680,Saratswadee,Wongsomphet
681,Kirati,Nakintanon
682,Antongiulio,Panizzi
683,Pawan,Kumar
684,Patricia,Rozema
685,Trey Edward,Shults
686,Christian,Charles
687,Bronwen,Hughes
688,Phillip,Youmans
689,Zhang,Yimou
690,Neal,Brennan
691,Azazel,Jacobs
692,Jung,Ji-woo
693,Tejas Prabha Vijay,Deoskar
694,Jim,Fall
695,Marita,Grabiak
696,Jason,Priestley
697,Neill,Blomkamp
698,Matt,D'Avella
699,Parthiban,Parthiban
700,Marcus,Raboy
701,Richard,Ladkani
702,Ignacio,Jaunsolo
703,Abhishek,Sharma
704,John,Schultz
705,Damien,O’Connor
706,Joseduardo,Giordano
707,Sergio Goyri,Jr.
708,Rudy,Soedjarwo
709,Alice,Rohrwacher
710,Titien,Wattimena
711,Nandita,Das
712,Leena,Yadav
713,Romain,Gavras
714,Sebastián,Hofmann
715,Mathew,Orzel
716,John,Luessenhop
717,Mike,Disa
718,Mati,Diop
719,Moses,Inwang
720,Jérémy,Clapin
721,Mandla,Dube
722,Cheta,Chukwu
723,Roger,Russell
724,Frank,Oz
725,Lu,Yang
726,Edward,Zwick
727,Basava Shankar,Eeday
728,Elle-Máijá,Tailfeathers
729,Kathleen,Hepburn
730,Dante,Lam
731,Shreyas,Talpade
732,Seth,Barrish
733,Sanjiv,Jaiswal
734,Rosa,Márquez
735,Daniel,Raim
736,Denny,Lu
737,Mike,Myhre
738,María Jose,Cuevas
739,Oz,Rodriguez
740,Aleksandr,Chernyaev
741,Fedor,Lyass
742,Robert,Altman
743,Ric Roman,Waugh
744,Cary,Murnion
745,Jonathan,Milott
746,Ibai,Abad
747,Charles A.,Nichols
748,Iwao,Takamoto
749,David,Ayer
750,John,Irvin
751,Simon,Wells
752,Julio Soto,Gurpide
753,Julien,Abraham
754,Tsutomu,Mizushima
755,Nate,Adams
756,Adam,Carolla
757,Clay,Kaytis
758,Barbra,Streisand
759,Jim,Gable
760,Nikon,Nikon
761,Chris,Sparling
762,Kathryn,Bigelow
763,Monika,Mitchell
764,Jake,Paltrow
765,Fernando,Colomo
766,Josh,Wakely
767,Jacob,Kornbluth
768,Jon,Gunn
769,Raúl Campos,Delgado
770,Anne,Fontaine
771,Joshua,Caldwell
772,Mike,Judge
773,Bruce W.,Smith
774,Eva,Orner
775,Àlex,Pastor
776,David,Pastor
777,KVR,Mahendra
778,Andrew,Jenks
779,John,Schlesinger
780,Akiva,Schaffer
781,Juan Carlos,Rulfo
782,Christian,Ditter
783,aj,R
784,Sergio,Leone
785,Jim Field,Smith
786,Bruce,McCulloch
787,Steven,Spielberg
788,William Brent,Bell
789,Hugh,WIlson
790,Sam,Raimi
791,Robert,Aldrich
792,Marco,Schnabel
793,Francis Ford,Coppola
794,Lasse,Hallström
795,Oliver,Stone
796,Jason,Reitman
797,Raja,Gosnell
798,David,Fincher
799,David Paul,Meyer
800,Savage Steve,Holland
801,Troy,Nixey
802,Scott,McAboy
803,Raymie,Muzquiz
804,Stu,Livingston
805,Stephen,Herek
806,Joe,Menendez
807,Vince,Marcello
808,David R.,Ellis
809,Eric,Bross
810,Will,Eisenberg
811,Matheus,Souza
812,Bradley,Walsh
813,Orson,Welles
814,Benjamin,Ross
815,Stephen,Hopkins
816,Steve,Paley
817,Michelle,Caputo
818,Leslie,Iwerks
819,Na,Hyeon
820,Jerry,Seinfeld
821,Houda,Benyamina
822,Reuben,Atlas
823,Kristin,Hanggi
824,Joe,Dante
825,Alex,Zamm
826,Chris,Smith
827,Dee,Rees
828,Glenn,Miller
829,Nicolas Winding,Refn
830,Robb,Dipple
831,Sarah,Gavron
832,Eli,Roth
833,Daniel,Goldhaber
834,Asri,Bendacha
835,Fred,Cavayé
836,Joel,Coen
837,Ethan,Coen
838,Shane,Acker
839,Wash,Westmoreland
840,Alessandro,Angulo
841,Mauro,Scandolari
842,Arjun,Jandyala
843,Samit,Basu
844,Naoko,Yamada
845,Sergio,Pablos
846,Anand,Tucker
847,Valli,Bindana
848,Makoto,Shinkai
849,V C,Abhilash
850,Nila Madhab,Panda
851,Sameer,Vidwans
852,Nishanth,Ravindaran
853,Jathin Sanker,Raj
854,Bill,Guttentag
855,Michael,Ware
856,Gajendra,Ahire
857,Swapna Waghmare,Joshi
858,Raymond,McGrath
859,Adele K.,Thomas
860,Richard,Bailey
861,Julien,Leclercq
862,Aitor,Arregi
863,Jon,Garaño
864,Remo,D'Souza
865,Radhika,Rao
866,Vinay,Sapru
867,Volker,Weicker
868,Manjeet,Singh
869,Nick,Mead
870,Gautier &,Leduc
871,Lance,Bangs
872,Matt,Piedmont
873,Erik,Matti
874,John,Scheinfeld
875,Rhys,Thomas
876,Christopher,Storer
877,Jennifer,Baichwal
878,Nicholas de,Pencier
879,Tom,Ford
880,J.M.,Berrios
881,Jeff,Wadlow
882,Laurent,Cantet
883,Raúl,Campos
884,Natalia,Valdebenito
885,Marcelo,Galvão
886,Lorene,Machado
887,Richard,Donner
888,Kevin,Reynolds
889,Marina,Seresesky
890,Tony,Kaye
891,Kenny,Leon
892,Peter,Segal
893,Christian,Tureaud
894,Daniel,Mann
895,Richard,Brooks
896,Michael,Kampa
897,Harvey,Lowry
898,James,Dearden
899,Jack,Starrett
900,Les,Mayfield
901,David,Lean
902,Tarun,Mansukhani
903,Jennifer,Westcott
904,Robert,Clouse
905,Valeria,Golino
906,Stuart,Baird
907,Gregory,Hoblit
908,Terry,Gilliam
909,Zackary,Canepari
910,Fred M.,Wilcox
911,David,Silberg
912,Vincente,Minnelli
913,Charles,Walters
914,Mathieu,Kassovitz
915,Randal,Kleiser
916,Michael A.,Nickles
917,Ken,Marino
918,Lionel C.,Martin
919,Joe,Boyd
920,Jeffrey W.,Byrd
921,Scott,Stewart
922,Alfonso,Arau
923,Michael,Anderson
924,Stanley,Kubrick
925,Theodore,Witcher
926,Callie,Khouri
927,Brett,Ratner
928,Gil,Kenan
929,Lewis,Milestone
930,Carol,Reed
931,Jared,Hess
932,Charles Stone,III
933,Nicholas,Ray
934,Sam,Mendes
935,Roman,Polanski
936,John,Dahl
937,Blayne,Weaver
938,Billy Bob,Thornton
939,Sam,O'Steen
940,David,Fairhead
941,Anthony,Palmer
942,Adam,McKay
943,Gordon,Parks
944,Neil,Jordan
945,John,Stephenson
946,Norman,Jewison
947,Marco,Bonfanti
948,Lilly,Wachowski
949,Lana,Wachowski
950,Alan J.,Pakula
951,Kevin,Donovan
952,Charlotte,Zwerin
953,Pete,Travis
954,Nick,Moore
955,Gabriel Cruz,Rivas
956,Ruben,Fleischer
957,Neeraj,Pandey
958,Indrajit,Nattoji
959,Raj Kumar,Gupta
960,Arnab,Chaudhuri
961,Rana,Ranbir
962,David,Zucker
963,Harry,Baweja
964,Ken,Ghosh
965,Kookie V.,Gulati
966,Vivek,Agnihotri
967,Umesh,Shukla
968,Habib,Faisal
969,Bobby,Roth
970,Halder,Gomes
971,Tony,Zierra
972,B.,Unnikrishnan
973,Sajid,Khan
974,Saji,Surendran
975,Ksshitij,Chaudhary
976,Abhishek,Kapoor
977,Gary,Binkow
978,Chad,Hartigan
979,Nishikant,Kamat
980,Navinder Pal,Singh
981,Dibakar,Banerjee
982,Tigmanshu,Dhulia
983,Kunal,Deshmukh
984,Prakash,Jha
985,R.,Kannan
986,Gaurav,Narayanan
987,Kevin,Layne
988,Jon J.,Whelan
989,Leanne,Gater
990,Jennifer M.,Kroot
991,Jay,Russell
992,Wally,Pfister
993,Akin,Omotoso
994,Shyam,Benegal
995,Satyajit,Bhatkal
996,Bharat,Jain
997,Alo,Sarkar
998,Rajeev,Chaudhari
999,Vishal,Mishra
1000,Iñaki,Dorronsoro
1001,Ali Bin,Matar
1002,Ibrahim Bin,Mohamed
1003,Buta,Singh
1004,Jami,Jami
1005,Ali Samadi,Ahadi
1006,Anurag,Singh
1007,Ashok,Nanda
1008,Navaniat,Singh
1009,D,Ho
1010,Jitender,Pawar
1011,Erik,Canuel
1012,Param,Gill
1013,Jack Zagha,Kababie
1014,Richard,Mears
1015,Heidi,Ewing
1016,Emilio Martínez,Lázaro
1017,Craig,Monahan
1018,Gillian,Armstrong
1019,Brad,Rothschild
1020,John,Duigan
1021,Mu,Chu
1022,Henry,Sarwer-Foner
1023,Will,Lovelace
1024,Dylan,Southern
1025,Jim,Monaco
1026,Sherif,Ismail
1027,Dava,Whisenant
1028,Yen,Cheng-kuo
1029,James,Wan
1030,Karim El,Sobky
1031,Mohamed,Samy
1032,Sameh,Abdulaziz
1033,Liz,Plonka
1034,Sam,Patton
1035,Rupert,Jones
1036,David,Pablos
1037,Luciano,Vidigal
1038,Dani,Levy
1039,Richard da,Costa
1040,Kevin,Peeples
1041,Frant,Gwo
1042,Harrison,Smith
1043,Sonny,Mallhi
1044,Jeff,Garlin
1045,Michael,Barnett
1046,Andrew,Nackman
1047,Ole,Bornedal
1048,Andrew,Niccol
1049,Isabelle,Nanty
1050,Jeffrey,Friedman
1051,Antonio,Morabito
1052,Rene,Bueno
1053,John,Woo
1054,Nicolás,López
1055,Patricia,Ferreira
1056,Nahnatchka,Khan
1057,Sachin,Yardi
1058,Partho,Mitra
1059,Santram,Varma
1060,Paul,Spurrier
1061,,Han
1062,Pawan,Kripalani
1063,Bhushan,Patel
1064,Raj,Nidimoru
1065,Krishna,D.K.
1066,Alexandra,Dean
1067,Simon,Curtis
1068,Jang,Jae-hyun
1069,Charlie,McDowell
1070,Liam,Lynch
1071,Felipe,Cano
1072,Gabriela,Tagliavini
1073,Joe,Berlinger
1074,Lee,Jeong-beom
1075,William,Bindley
1076,Fernando,Ayllón
1077,Ronna,Gradus
1078,Justin,McConnell
1079,Joe,Johnston
1080,Steven,Brill
1081,Kim,Sung-hoon
1082,Norberto López,Amado
1083,Mary,Mazzio
1084,Rahul,Dholakia
1085,David,Michôd
1086,Mark,Craig
1087,Ketan,Mehta
1088,Alex,Richanbach
1089,Christopher,Smith
1090,Sudabeh,Mortezai
1091,Richard,Shepard
1092,Matthew,Cooke
1093,Jean-Patrick,Benes
1094,Vasan,Bala
1095,Tig,Notaro
1096,Mike,Fleiss
1097,Barry,Jenkins
1098,Linda,Mendoza
1099,Aanand,Rai
1100,Akram,Farouk
1101,Christel,Gibson
1102,Andrew,Stanton
1103,Manav,Shah
1104,Jimmy,Henderson
1105,Jessica,Yu
1106,Kim,Nguyen
1107,Max,Martini
1108,Ian,Nelms
1109,Eshom,Nelms
1110,Hiroyuki,Seshita
1111,Lygia Barbosa da,Silva
1112,Eliane,Brum
1113,Ken,Kushner
1114,Yolanda,Ramke
1115,Ben,Howling
1116,Kagiso,Lediga
1117,Arthur,Muhammad
1118,Pedring A.,Lopez
1119,Francesco,Imperato
1120,Stefon,Bristol
1121,Brit,McAdams
1122,Steve,Loter
1123,Icíar,Bollaín
1124,Kate,Melville
1125,Aditya Vikram,Sengupta
1126,David,Dhawan
1127,Neil,Burger
1128,Apoorva,Lakhia
1129,Mandie,Fletcher
1130,Michael,Dowse
1131,Vipul Amrutlal,Shah
1132,Rajkumar,Santoshi
1133,Antonio,Campos
1134,Derek,Cianfrance
1135,Meenu,Gaur
1136,Farjad,Nabi
1137,Matthew,Hope
1138,Asim,Abbasi
1139,Saurabh,Kabra
1140,Aijaz,Khan
1141,Anil V.,Kumar
1142,Sangeeth,Sivan
1143,Umesh,Ghadge
1144,Midhun Manuel,Thomas
1145,Umer,Adil
1146,Hayao,Miyazaki
1147,Kundan,Shah
1148,So Yong,Kim
1149,Filip,Renc
1150,Femi,Oyeniran
1151,Kalvadour,Peterson
1152,David,Morris
1153,Jacqui,Morris
1154,Gonzalo,López-Gallego
1155,Hepi,Mita
1156,Anthony,Abrams
1157,Adam Larson,Broder
1158,Dylan,Bank
1159,Daniel,DiMauro
1160,Morgan,Pehme
1161,Sean,Foley
1162,Pierre,Coré
1163,Che,Sandoval
1164,Jean-Bernard,Marlin
1165,Yee,Tung-Shing
1166,Barbara,Schroeder
1167,Asit,Mohapatra
1168,Shyamal,Chaulia
1169,Amy,Poehler
1170,Sachin,Kundalkar
1171,Puri,Jagannadh
1172,Krish,Krish
1173,Shoojit,Sircar
1174,Ribhu,Dasgupta
1175,Geoff,Anderson
1176,Federico,Veiroj
1177,Mark,Zwonitzer
1178,Bo,Welch
1179,Sedat,Kirtan
1180,Kubilay,Sarikaya
1181,Stacia,Crawford
1182,Michael,Epstein
1183,Sudipto,Roy
1184,Frédéric,Tonolli
1185,Rachel,Lears
1186,Syamsul,Yusof
1187,Nicholas,Winter
1188,Bong Joon,Ho
1189,Mangesh,Kanthale
1190,Kevin,Munroe
1191,Jim,Henson
1192,Gary,Young
1193,Nicanor,Loreti
1194,Simon,Napier-Bell
1195,Devashish,Makhija
1196,Amal,Neerad
1197,Roly,Santos
1198,Julius R.,Nasso
1199,Lucas,Figueroa
1200,Francis,Lee
1201,Shanker,Raman
1202,Rakshith,Thirthahalli
1203,C.,Fitz
1204,Alex,Timbers
1205,Damien,Piscarel
1206,Florent,Bodin
1207,Saandeep,Patel
1208,Arun,Vaidyanathan
1209,Pradip,Kurbah
1210,Alfonso,Rodríguez
1211,David,Cantolla
1212,Makarand,Mane
1213,Pierfrancesco,Diliberto
1214,Sean,Menard
1215,Dito,Montiel
1216,Vicente,Villanueva
1217,Anu,Menon
1218,Adrian,Murray
1219,Andy,Goddard
1220,K.,Rajagopal
1221,Supavitra,Babul
1222,Zoya,Akhtar
1223,Karan,Johar
1224,Anthony,D'Souza
1225,Soumendra,Padhi
1226,Mahesh,Bhatt
1227,Ken,Burns
1228,Artemis,Joukowsky
1229,Fuwad,Khan
1230,Mike,Birbiglia
1231,Praveen,Nischol
1232,Dylan Mohan,Gray
1233,Kabir,Sadanand
1234,Shinji,Aramaki
1235,Mamoru,Oshii
1236,Hideki,Futamura
1237,Toshiyuki,Kanno
1238,Tomoki,Kyoda
1239,Koichi,Mashimo
1240,Yasushi,Muraki
1241,Daisuke,Nishio
1242,Frank,O'Connor
1243,Koji,Sawai
1244,Joseph,Chou
1245,Hiroshi,Yamazaki
1246,Justin,Bare
1247,Matthew,Miele
1248,Lucien,Jean-Baptiste
1249,Jalil,Lespert
1250,Sudhir,Mishra
1251,Sudhanshu,Saria
1252,Omung,Kumar
1253,Bob,Hercules
1254,Rita Coburn,Whack
1255,Munish,Bhardwaj
1256,Dilip,Mehta
1257,Satish,Rajwade
1258,Devika,Bhagat
1259,Luv,Ranjan
1260,Vikas,Bahl
1261,Dharmesh,Darshan
1262,Kireet,Khurana
1263,Padmakumar,Narasimhamurthy
1264,Bejoy,Nambiar
1265,Isaki,Lacuesta
1266,Isa,Campo
1267,Gurmmeet,Singh
1268,Fernando González,Molina
1269,Yann,Arthus-Bertrand
1270,Michael,Pitiot
1271,Kazuya,Murata
1272,Mina,Shum
1273,Martin,Zandvliet
1274,Stephen,Belber
1275,Tony,Stone
1276,Peter,Foott
1277,Raam,Reddy
1278,Majid Al,Ansari
1279,Woody,Allen
1280,Hasan,Aljaberi
1281,Clark,Johnson
1282,Emmanuel,Mouret
1283,Robin,Swicord
1284,Conor,Allyn
1285,Frank,Coraci
1286,John Patrick,Shanley
1287,Haifaa,Al-Mansour
1288,Wenn V.,Deramas
1289,Olivia M.,Lamasan
1290,Antoinette,Jadaone
1291,Nuel,Naval
1292,Paul,Solet
1293,Rick,Benattar
1294,Amy,Schumer
1295,Ian,Kirby
1296,Sean,McNamara
1297,Justin,Chon
1298,Aziz,Ansari
1299,David,Sampliner
1300,Adam,Shankman
1301,Chito S.,Roño
1302,Marc,Forster
1303,Keoni,Waxman
1304,Benny,Fine
1305,Mae Czarina,Cruz
1306,Paul,Soriano
1307,Ruel S.,Bayani
1308,Peter,Mortimer
1309,Josh,Lowell
1310,Greg,Coolidge
1311,Iginio,Straffi
1312,Owen,Egerton
1313,"Sam ""Blitz""",Bazawule
1314,Norm,Hiscock
1315,Gary,Howsam
1316,Mike,Smith
1317,John Paul,Tremblay
1318,Robb,Wells
1319,Joe,Miale
1320,Dheeraj,Berry
1321,Richard,Sears
1322,Nirpal,Bhogal
1323,Laurent,Bouzereau
1324,Lucy van,Beek
1325,Frank,Capra
1326,Joris,Ivens
1327,John,Huston
1328,Jakob,Verbruggen
1329,John,Ford
1330,Michael,Samuels
1331,William,Wyler
1332,John,Sturges
1333,Hugh,Stewart
1334,Roy,Boulting
1335,Anthony,Veiller
1336,Anatole,Litvak
1337,Micah,Bickham
1338,Galley,Molina
1339,Stuart,Orme
1340,Olivia,Newman
1341,Jared,Stern
1342,Yang,Lei
1343,Lennart,Ruff
1344,Mike,Clattenburg
1345,Adam,MacDonald
1346,Saurav,Palodhi
1347,Shawn,Crahan
1348,Michael,Whitton
1349,Steve,Carr
1350,Swapnaneel,Jayakar
1351,Kyzza,Terrazas
1352,Miguel,Conde
1353,Philippe,Falardeau
1354,John Lee,Hancock
1355,Bart,Freundlich
1356,Awi,Suryadi
1357,Hanung,Bramantyo
1358,Óskar Thór,Axelsson
1359,Dan,Lucchesi
1360,Vishal,Mahadkar
1361,Mikhail,Red
1362,Raj,Babu
1363,Rodolphe,Guenoden
1364,Javier Ruiz,Caldera
1365,Marina,Willer
1366,Diego,Pignataro
1367,Meghan,O'Hara
1368,Tommy,O'Haver
1369,Douglas,McGrath
1370,Chanon,Yingyong
1371,Phuwanit,Pholdee
1372,Kyle,Newacheck
1373,Mijke de,Jong
1374,Daryl,Hannah
1375,Michael,Larnell
1376,Advait,Chandan
1377,Abel,Ferrara
1378,Oriol,Paulo
1379,Jeff,Tremaine
1380,Paul,Dugdale
1381,Joyce,Bernal
1382,Jason Paul,Laxamana
1383,Maryo J. De los,Reyes
1384,Theodore,Boborol
1385,Gavin,Fitzgerald
1386,Juan,Zapata
1387,Gianfranco,Rosi
1388,Oliver,Daly
1389,Karan Shivajirao,Chavan
1390,Vikram Tanajirao,Patil
1391,Tanuj,Bhramar
1392,Isao,Yukisada
1393,A.R.,Murugadoss
1394,Faraz,Haider
1395,Mozez,Singh
1396,Robin,Aubert
1397,Brendan,Toller
1398,Kristian,Levring
1399,Kevin,Pang
1400,Sonny,Marler
1401,Taron,Lexton
1402,Eva,Vives
1403,Lonny,Price
1404,Sang-ho,Yeon
1405,Jason,Krawczyk
1406,Sam,Wrench
1407,Sophie,Robinson
1408,Lotje,Sodderland
1409,John,Lee
1410,Richard,Loncraine
1411,Sydney,Freeland
1412,Geoff,Luck
1413,Jung-woo,Park
1414,Asghar,Farhadi
1415,Brandon,Camp
1416,Victor,Levin
1417,Henry,Selick
1418,James,Ivory
1419,Lone,Scherfig
1420,Mark,Dindal
1421,Pia,Sukanya
1422,Yann,Gozlan
1423,Hoyt,Yeatman
1424,Lukas,Dhont
1425,Matthew,McNeil
1426,Stephen,Chow
1427,Frank W,Chen
1428,Adrian,Teh
1429,Florian Henckel von,Donnersmarck
1430,Steven R.,Monroe
1431,Buz,Wallick
1432,Indrasis,Acharya
1433,Aatmaram,Dharne
1434,Sumitra,Bhave
1435,Sunil,Sukthankar
1436,Sunao,Katabuchi
1437,Kedar,Shinde
1438,Johan,Brisinger
1439,Attila,Till
1440,Mahesh,Manjrekar
1441,Tim,Bartley
1442,Robyn,Butler
1443,John,Upchurch
1444,Bruno,Stagnaro
1445,Girish,Joshi
1446,Aditya,Sarpotdar
1447,Arjun,Gourisaria
1448,Moinak,Biswas
1449,Maria,Sadowska
1450,Santosh,Sivan
1451,Sonia,Dauger
1452,David,Dietz
1453,Heidi,Saman
1454,Peter,Middleton
1455,James,Spinney
1456,Shashilal K.,Nair
1457,Jayaraj Rajasekharan,Nair
1458,Partho,Sen-Gupta
1459,Sam,Upton
1460,Cathy,Garcia-Molina
1461,Yang,Woo-seok
1462,Pan,Nalin
1463,J.C.,Chandor
1464,John L.,Spencer
1465,Victor,Cook
1466,Devin,Chanda
1467,Tekin,Girgin
1468,David,Chirchirillo
1469,Marianna,Palka
1470,Dennis,Bartok
1471,Kenneth,Müller
1472,Marcel,Barrena
1473,Burak,Aksak
1474,Gerard,McMurray
1475,Muharrem,Gülmez
1476,Meltem,Bozoflu
1477,Selçuk,Aydemir
1478,Birkan,Pusa
1479,Ömer Faruk,Sorak
1480,_enol,Sönmez
1481,Ali Taner,Baltacı
1482,Cem,Yılmaz
1483,Sermiyan,Midyat
1484,Aytaç,A_ırlar
1485,Yusuf,Pirhasan
1486,Leslie,Knott
1487,Ketche,Ketche
1488,Erol,Özlevi
1489,Hakan,Yonat
1490,Olivier,Loustau
1491,Nottapon,Boonprakob
1492,Perry,Lang
1493,Xavier,Gens
1494,Gary,Wheeler
1495,Ang,Lee
1496,Tom,Edmunds
1497,Brant,Sersen
1498,Sam,Liu
1499,Frank,Paur
1500,Phil,Morrison
1501,Paul,Katis
1502,Matthew,Vaughn
1503,Jonathan A.,Rosenbaum
1504,Franck,Phelizon
1505,Peter,Howitt
1506,Matthew,Atkinson
1507,Rajiv,Menon
1508,Chiwetel,Ejiofor
1509,Michael,Buster
1510,Philip Einstein,Lipski
1511,Jørgen,Lerdam
1512,Amalie Næsby,Fick
1513,Rodrigo,Salomón
1514,Pietro,Scappini
1515,Mark,Waters
1516,James,Toback
1517,David,Wain
1518,Debra,Granik
1519,Miguel Ángel,Vivas
1520,Joey,Curtis
1521,Alison,Klayman
1522,Haissam,Hussain
1523,Mitch,Gould
1524,Kaizad,Gustad
1525,Clay,Porter
1526,Mani,Ratnam
1527,Eeshwar,Nivas
1528,Fabien,Beziat
1529,Indra,Kumar
1530,Tim Van,Someren
1531,Shawn,Arranha
1532,Jonathan,Baker
1533,K.,Subhash
1534,V. K.,Prakash
1535,Manish,Tiwary
1536,Kranti,Redkar
1537,Dhilip,Kumar
1538,Subhash,Ghai
1539,Surya,S.J.
1540,Sunil Kumar,Agrawal
1541,Samir,Karnik
1542,T.J.,Martin
1543,Syed Ahmad,Afzal
1544,RZA,RZA
1545,Steve,Sacks
1546,Mike,Fetterly
1547,Manish,Gupta
1548,Jeeva,Jeeva
1549,K.,Gopinathan
1550,Lars,Büchel
1551,Krishna,Vamshi
1552,Gurudev,Bhalla
1553,Samar,Khan
1554,Amit,Barot
1555,Adarsh,Eshwarappa
1556,Carlo,Padial
1557,Julien,Seri
1558,Bryan,Buckley
1559,Keerthi,Keerthi
1560,Buddhadev,Dasgupta
1561,Mukul,Anand
1562,Preston A. Whitmore,II
1563,Milind,Dhaimade
1564,Ashish R.,Mohan
1565,N.,Chandra
1566,Angelika,Sigl
1567,Arne,Birkenstock
1568,Jonathan,Taylor
1569,Alessandro,Pepe
1570,Selvamani,Selvaraj
1571,Vijay,Jayapal
1572,Hernán,Belón
1573,Harvey,Lilley
1574,Lev L.,Spiro
1575,Michael,Polish
1576,Maria,Ripoll
1577,Oren,Uziel
1578,Adam,Marino
1579,Kurt,Wimmer
1580,Craig,Johnson
1581,Jeffrey,Walker
1582,Ulises,Valencia
1583,Gabriel,Grieco
1584,Isabel,Coixet
1585,Grant,Sputore
1586,Laxman,Utekar
1587,Juan,Antin
1588,Hanno,Olderdissen
1589,Amar,Kaushik
1590,Reginald,Hudlin
1591,Grant,Korgan
1592,Brian,Niles
1593,Ajay,Bahl
1594,Kees Van,Oostrum
1595,Eva,Trobisch
1596,Travis,Zariwny
1597,Corbin,Bernsen
1598,Shadi,Ali
1599,Mahmoud,Karim
1600,Walerian,Borowczyk
1601,Hani,Hamdi
1602,Wael,Ihsan
1603,Amr,Arafa
1604,Mohammed,El-Tahawy
1605,Mohamed,Mostafa
1606,Philip,Marlatt
1607,Scott,Mosier
1608,Yarrow,Cheney
1609,David,Gelb
1610,David Guy,Levy
1611,Taika,Waititi
1612,Saul,Dibb
1613,Manika,Sharma
1614,Mathieu,Auvray
1615,Brandon,Oldenburg
1616,Grant,Heslov
1617,Timothy,Reckart
1618,Sittisiri,Mongkolsiri
1619,Kelly,Reichardt
1620,Robbie,Grewal
1621,Ted,Geoghegan
1622,Yayo,Herrero
1623,David Felix,Sutcliffe
1624,Alfonso Serrano,Maturino
1625,Kimo,Stamboel
1626,Johnnie,To
1627,Seong-hun,Kim
1628,Bo,Burnham
1629,Christopher,Nolen
1630,Thiagarajan,Kumararaja
1631,Matt,Palmer
1632,Rodrigo,Triana
1633,Federico,D'Alessandro
1634,Anthony,Pierce
1635,Mike,Mills
1636,Kate,Horne
1637,Roberto Girault,Facha
1638,Christopher,Ray
1639,Michel,Tikhomiroff
1640,Emanuel,Hoss-Desmarais
1641,Paul Thomas,Anderson
1642,Alex,Díaz
1643,Bill,D'Elia
1644,Sujoy,Ghosh
1645,Peter,Ramsey
1646,Rodney,Rothman
1647,Bob,Persichetti
1648,Doron,Paz
1649,Yoav,Paz
1650,Justin,Kelly
1651,Pablo,Larraín
1652,Kevin,Bray
1653,Michael James,Regan
1654,Aditya,Kripalani
1655,Seiji,Mizushima
1656,Sanjay,Gupta
1657,Myriam,Aziza
1658,Vivieno,Caldinelli
1659,Rob,Burnett
1660,Drew,Casson
1661,Kevin,Lima
1662,Charlie,Siskel
1663,Brian,Smith
1664,Brent,Bonacorso
1665,Jennifer,Phang
1666,Jesse,Johnson
1667,Gerard,Barrett
1668,Rene,Liu
1669,Geoffrey,Orthwein
1670,Andrew,Sullivan
1671,Jovanka,Vuckovic
1672,Annie,Clark
1673,Roxanne,Benjamin
1674,Karyn,Kusama
1675,Miguel,Cohan
1676,Luis Alberto,Restrepo
1677,Andrés,Beltrán
1678,Jaime,Rayo
1679,Hideaki,Anno
1680,Tarek Abdel,Moaty
1681,Kazuya,Tsurumaki
1682,Nitesh,Tiwari
1683,Hazem,Fouda
1684,Khaled,Marei
1685,Abhijit,Kokate
1686,Srivinay,Salian
1687,Husam,El-Gohari
1688,Magdy,Al-Hawwary
1689,Antonin,Baudry
1690,Sherif,Mandour
1691,Lynn,Novick
1692,Atul,Malhotra
1693,Roy,Burdine
1694,Johnny,Castuciano
1695,Scott,Moran
1696,George,Clooney
1697,Datta Mohan,Bhandare
1698,Kieran,Darcy-Smith
1699,Tom,Hooper
1700,Salvador,Calvo
1701,Jun-seong,Kim
1702,Chris,Robinson
1703,Claus,Wehlisch
1704,David L.,Cunningham
1705,Ed,Lilly
1706,Madeleine,Parry
1707,Jon,Olb
1708,Isaac,Ezban
1709,Scott,Martin
1710,Jeremy Kenyon Lockyer,Corbell
1711,George,Mendeluk
1712,Kyle Patrick,Alvarez
1713,Jon,Watts
1714,Jakob,Lass
1715,Kevin,Derek
1716,Kristine,Samuelson
1717,Sanjay,Jadhav
1718,Ahmed El,Gendy
1719,Vinod,Kapri
1720,Stinus Morell,Vithner
1721,Oded,Raz
1722,Héctor,Gálvez
1723,Claire,Scanlon
1724,Ramón,Salazar
1725,Eduardo Mendoza de,Echave
1726,Henrik Martin,Dahlsbakken
1727,Arun,Chidambaram
1728,Caio,Cobra
1729,Tomer,Heymann
1730,Cal,Seville
1731,Peggy,Holmes
1732,Bruno,Garotti
1733,Zachary,Heinzerling
1734,Mark,Ritchie
1735,Tarek Al,Eryan
1736,Hadi El,Bagoury
1737,Patrik,Syversen
1738,Michael John,Warren
1739,Andy,Capper
1740,Waymon,Boone
1741,Phil,Johnston
1742,Rich,Moore
1743,Julie,Dash
1744,Andrew C.,Erin
1745,Chang-Min,Lee
1746,Derek,Yee
1747,Cristina,Jacob
1748,Roland,Emmerich
1749,Jonathan,Levine
1750,David,McCracken
1751,Sanjib,Dey
1752,Barry,Avrich
1753,Jon,Avnet
1754,V. Scott,Balcerek
1755,Richard,Kelly
1756,Joel,Schumacher
1757,Peter,Chelsom
1758,Peter,Hutchings
1759,Daniel Yee Heng,Chan
1760,Dennie,Gordon
1761,Shadab,Khan
1762,Nattawut,Poonpiriya
1763,Elvira,Lind
1764,Davis,Guggenheim
1765,Gavin,O'Connor
1766,Jon,Turteltaub
1767,Felix,Starck
1768,Robert,Kouba
1769,Edward,Cotterill
1770,Ted,Braun
1771,Onur,Tukel
1772,Saara,Cantell
1773,Ron,Howard
1774,Jayaprakash,Radhakrishnan
1775,Rob,Meyer
1776,Anita,Barbosa
1777,Lekh,Tandon
1778,Alberto,Rodríguez
1779,Zoe,Berriatúa
1780,Luis,Estrada
1781,Spike,Jonze
1782,Rob,Marshall
1783,Lee,Eung-bok
1784,Phyllida,Lloyd
1785,Leif,Tilden
1786,Pat,Healy
1787,Dustin,McKenzie
1788,Andrew,Duncan
1789,Fabio,Grassadonia
1790,Antonio,Piazza
1791,Jody,Hill
1792,Samu,Fuentes
1793,Alexandre,Espigares
1794,Suhas,Kadav
1795,Dan,Harris
1796,Mariano,Mucci
1797,Luis A.,Scalella
1798,Renny,Harlin
1799,Eric,Khoo
1800,Gideon,Raff
1801,Kang,Cheng
1802,Shan,Hua
1803,Nizar,Shafi
1804,Wilson,Coneybeare
1805,Note,Chern-Yim
1806,Fernando,Sariñana
1807,José Luis,Gutiérrez
1808,Scott L.,Montoya
1809,David,Blair
1810,Chris,Sanders
1811,Sian,Heder
1812,Ted,Emery
1813,John,Wells
1814,Meng Hua,Ho
1815,Tony,Datis
1816,Ben,Ryder
1817,Jim,Strouse
1818,Ben,Young
1819,Raymond,Wood
1820,Jorge M.,Fontana
1821,Olivier,Afonso
1822,James,Woodroffe
1823,David,Leveaux
1824,Sebastián,Schindel
1825,Kyle,Newman
1826,Alex,Garland
1827,Keanu,Reeves
1828,Anna,Boden
1829,Ryan,Fleck
1830,William,Monahan
1831,Piti,Jaturaphat
1832,Atom,Egoyan
1833,John,Maclean
1834,James,Ponsoldt
1835,Tanit,Jitnukul
1836,Atsajun,Sattakovit
1837,Sukum,Maetawanitch
1838,Daniel Gray,Longino
1839,Nick,Gomez
1840,Jehane,Noujaim
1841,Daniel,Calparsoro
1842,Brandon,Dickerson
1843,Paul Andrew,Williams
1844,Chris,Williams
1845,Benny,Chan
1846,Demetri,Martin
1847,Chi Keung,Fung
1848,Corey,Yuen
1849,Patrick,Leung
1850,To-hoi,Kong
1851,Jeff,Baena
1852,Andrew Lau,Wai-Keung
1853,Andrew,Loo
1854,Michael,Gallagher
1855,Hassan,Hegazy
1856,Shady,Ali
1857,Chris,Jenkins
1858,Alexandre,Avancini
1859,Ziga,Virc
1860,Sam,Voutas
1861,Alexander,Nevsky
1862,Frank,Ariza
1863,Jacob,Schwab
1864,Alphonso J.,Wesson
1865,Lenny,Abrahamson
1866,Julius,Avery
1867,Peter,Sullivan
1868,Destin Daniel,Cretton
1869,Alexis,Morante
1870,Kobun,Shizuno
1871,Fazila,Allana
1872,Eric,Abrams
1873,Peter,Svatek
1874,Hiromasa,Yonebayashi
1875,Agustí,Villaronga
1876,Kristina,Goolsby
1877,Ashley,York
1878,Nisheeta,Keni
1879,Stuart,Stone
1880,Peyton,Reed
1881,Ron,Clements
1882,John,Musker
1883,Chris,Stokes
1884,Steven,Fine
1885,Roman,Coppola
1886,Denis,Villeneuve
1887,Alejandro,Doria
1888,Heber,Cannon
1889,Sally,Potter
1890,Clay,Glen
1891,Steven,Knight
1892,Ana,Quiroga
1893,Harmony,Korine
1894,Natalia,Garagiola
1895,Pamela,Romanowsky
1896,Jonathan,Glazer
1897,Esteban,Crespo
1898,Anil,Sharma
1899,Ganesh,Kadam
1900,Anthony Scott,Burns
1901,Nicholas,McCarthy
1902,Adam Egypt,Mortimer
1903,Gary,Shore
1904,Sarah Adina,Smith
1905,Kevin,Kolsch
1906,Dennis,Widmyer
1907,Ticoy,Rodriguez
1908,Karl,Mueller
1909,Philipp,Stölzl
1910,Michael,Curtiz
1911,Florian,Gallenberger
1912,Harry,Chaskin
1913,Marti,Noxon
1914,Allan,Ungar
1915,Patrick,Brice
1916,Christophe,Honoré
1917,David M.,Rosenthal
1918,Scott,Zabielski
1919,Diego,Cohen
1920,William,Eubank
1921,Will,Eubank
1922,John,Dower
1923,Mark,Harris
1924,Wi Ding,Ho
1925,Thomas,Sieben
1926,Joe,Lynch
1927,Noam,Murro
1928,Neslihan,Yesilyurt
1929,Joseph,Martin
1930,Chapman,Way
1931,Maclain,Way
1932,Sylvie,Verheyde
1933,Kasper,Barfoed
1934,Phil,Joanou
1935,Courtney,Hunt
1936,Iain,Softley
1937,Jonathan,Hensleigh
1938,M. Night,Shyamalan
1939,Richard,Greenberg
1940,Nathan,Morlando
1941,George C.,Wolfe
1942,Rushmore,DeNooyer
1943,Martin,Gorst
1944,Giulia,Clark
1945,Sarah,Holt
1946,Terri,Randall
1947,Doug,Hamilton
1948,Peter,Fison
1949,Graham,Townsley
1950,Kirk,Wolfinger
1951,Oliver,Twinch
1952,Llewellyn M.,Smith
1953,Daniel,McCabe
1954,Peter,Yost
1955,Quinn,Kanaly
1956,Gail,Willumsen
1957,Andy,Fickman
1958,Barry,Levinson
1959,Max,Lang
1960,Jani,Lachauer
1961,David,Allensworth
1962,Monière,Monière
1963,Todd,Phillips
1964,Ann Deborah,Fishman
1965,Dominic,Sena
1966,Ryu,Jung-woo
1967,Albert,Hughes
1968,Allen,Hughes
1969,Rob,Minkoff
1970,Andrew,Fleming
1971,Shawn,Levy
1972,Lijo Jose,Pellissery
1973,Raj,Kaushal
1974,Noushad,Noushad
1975,Anuranjan,Premji
1976,Jason,Bourque
1977,Johnson,Esthappan
1978,K.C.,Bokadia
1979,Greg,MacGillivray
1980,Miguel,Arteta
1981,P.K.,Baaburaaj
1982,Vineeth,Anil
1983,Katherine,Brooks
1984,Jayan,Vannery
1985,Bob,Odenkirk
1986,Samir,Soni
1987,Chandran,Narikode
1988,Gafoor Y.,Elliyaas
1989,Dileep,Narayanan
1990,Paritosh,Painter
1991,Venugopan,Venugopan
1992,Jay,Chou
1993,Imtiaz,Ali
1994,Juan Antonio de la,Riva
1995,Jenée,LaMarque
1996,Michael,Radford
1997,Mariah,Moore
1998,Marston,Sawyers
1999,Saheed,Arafath
2000,Jeffrey,Nachmanoff
2001,P.T. Kunju,Muhammad
2002,Huang,Lei
2003,Cyrus,Saidi
2004,Shlok,Sharma
2005,Adam,Deyoe
2006,Nicolas,Brossette
2007,Serdar,Akar
2008,Castille,Landon
2009,Martin,Hodara
2010,Doesjka van,Hoogdalem
2011,Rod,Blackhurst
2012,Asim,Raza
2013,Sushil,Majumdar
2014,Geetu,Mohandas
2015,Paulo,Oriol
2016,Li,Jun
2017,Bilal,Lashari
2018,Yasir,Nawaz
2019,Oskar,Santos
2020,Marius,Arnesen
2021,Klaus Erik,Okstad
2022,Olav,Njaastad
2023,Felix,Thompson
2024,Ishaya,Bako
2025,Ola,Flyum
2026,David,Hebditch
2027,Benny,Fredman
2028,Hemant,Gaba
2029,Pratim D.,Gupta
2030,Sudhish,Kamath
2031,Nalan,Kumarasamy
2032,Sandeep,Mohan
2033,Rajshree,Ojha
2034,Raja,Sen
2035,Abhinav Shiv,Tiwari
2036,Suparn,Verma
2037,Ivona,Juka
2038,Kunal,Kohli
2039,Bryan,Bertino
2040,J. Michael,Long
2041,Milind,Rau
2042,Nick,Broomfield
2043,David,Lowery
2044,Michael,McNamara
2045,Noor Imran,Mithu
2046,Paakhi,Tyrewala
2047,Barbara,Kopple
2048,Babak,Anvari
2049,Sandy,Chronopoulos
2050,Emily,Hagins
2051,Greg,Richardson
2052,Dharmendra Suresh,Desai
2053,Iman,Brotoseno
2054,Garin,Nugroho
2055,Sridhar,Jetty
2056,Clive,Tonge
2057,Nonzee,Nimibutr
2058,Masaaki,Yuasa
2059,Mahin,Ibrahim
2060,Austin,Kolodney
2061,Will,Lowell
2062,David,Beier
2063,Dave,Dorsey
2064,Xu,Zhang
2065,Alana,Waksman
2066,Jon,YonKondy
2067,Drue,Metz
2068,Brandon,Somerhalder
2069,José Eduardo,Belmonte
2070,Hans Petter,Moland
2071,Uwe,Boll
2072,Ísold,Uggadóttir
2073,Genevieve,Nnaji
2074,Mitch,Schauer
2075,Terry,Loane
2076,Mamat,Khalid
2077,Pang,Ho-cheung
2078,Selima,Taibi
2079,Alejandra Márquez,Abella
2080,Kamal,Sahani
2081,Dan,Kwan
2082,Daniel,Scheinert
2083,Brad,Bird
2084,Fred,Durst
2085,Marty,Callner
2086,Sylvain,Blais
2087,Yibrán,Asuad
2088,John,Hughes
2089,Luke,Sparke
2090,Wim,Wenders
2091,Nishil,Sheth
2092,Byun,Hyuk
2093,Javier,Ambrossi
2094,Javier,Calvo
2095,Sébastien,Betbeder
2096,Faozan,Rizal
2097,Mansore,Mansore
2098,Kuntz,Agus
2099,Meisa,Felaroze
2100,Adam,Randall
2101,Michael,McKay
2102,Alexandre,Heboyan
2103,Benoît,Philippon
2104,Laura,Alvea
2105,José,Ortuño
2106,Kim,Seong-hun
2107,Isaac,Florentine
2108,Marco,Dutra
2109,Genndy,Tartakovsky
2110,Andy,Caballero
2111,Diego,Corsini
2112,July,Hygreck
2113,Paul,Shoulberg
2114,Greg,Whiteley
2115,Seren,Yüce
2116,Jorge,Blanco
2117,Law,Wing-cheong
2118,Dash,Shaw
2119,Mario,Rouleau
2120,Pablo Martin,Farina
2121,Ahmed Khaled,Moussa
2122,Néstor Sánchez,Sotelo
2123,Aniruddha Roy,Chowdhury
2124,Chester,Tam
2125,Mohit,Suri
2126,Craig,Elrod
2127,Nicolas,Cotto
2128,Mike,Rossiter
2129,Matt,Angel
2130,Suzanne,Coote
2131,Chris,McCoy
2132,Sofia,Coppola
2133,Jonathan,Helpert
2134,André,D'Elia
2135,Ivan,Ayr
2136,Chris,Baugh
2137,Jenny,Carchman
2138,G.J.,Echternkamp
2139,Caryn,Waechter
2140,Nicholas,Stoller
2141,Tim,Hill
2142,Numa,Perrier
2143,Brian,Helgeland
2144,Yoshiyuki,Momose
2145,Colin,Strause
2146,Greg,Strause
2147,Jean-Marc,Vallée
2148,Marc,Abraham
2149,Steve,Barker
2150,Rima,Das
2151,Paco,Plaza
2152,Andrew,Goth
2153,Jeffrey G.,Hunt
2154,William,Kaufman
2155,Marek,Kanievska
2156,Hashim Nadeem,Khan
2157,Mohsin,Ali
2158,Svetlana,Cvetko
2159,Sarjun,Sarjun
2160,Alejandro,Lozano
2161,Michael,Civille
2162,Feroz,Feroz
2163,Syed Atif,Ali
2164,Lee,Seung-won
2165,Rik,Reinholdtsen
2166,Jeremy,Seifert
2167,John,Asher
2168,Matt,Toronto
2169,Michael,Roberts
2170,John H.,Lee
2171,Ajay,Bhuyan
2172,Rhiannon,Bannenberg
2173,Bin,Bunluerit
2174,Jennifer,Brea
2175,Pradeep,Verma
2176,Hannes,Stöhr
2177,Ron,Davis
2178,Daniel,Noah
2179,Andreas,Prochaska
2180,Maximilian,Erlenwein
2181,John,Carchietta
2182,Burhan,Qurbani
2183,David,Benioff
2184,D.B.,Weiss
2185,Patryk,Vega
2186,Peter,Sattler
2187,Marcelo,González
2188,Zach,Clark
2189,N.D.,Wilson
2190,Sean,Penn
2191,Gauravv K,Chawla
2192,David O.,Russell
2193,Kleber Mendonça,Filho
2194,Alistair,Legrand
2195,Steve,Boettcher
2196,Julian,Jarrold
2197,Quinn,Lasher
2198,David,Mrnka
2199,John,Mikulak
2200,Joshua,Brown
2201,Maya,Forbes
2202,Ira,Sachs
2203,Mir-Jean Bou,Chaaya
2204,Peter,Hewitt
2205,Dan,Villegas
2206,Hugo,Stuven
2207,Greg,Pritikin
2208,Amman,Abbasi
2209,Tom,Green
2210,Mike,Gunther
2211,Fred Olen,Ray
2212,Johannes,Roberts
2213,Heitor,Dhalia
2214,Jeannie,Gaffigan
2215,Robert,Luketic
2216,Mark,Rosman
2217,Sarah,Smith
2218,Edwin,Edwin
2219,James L.,Brooks
2220,Vadim,Jean
2221,Nicholas,Hytner
2222,Tim,Burton
2223,Ken,Hughes
2224,Fernando,Meirelles
2225,Katia,Lund
2226,Matt,Reeves
2227,Thomas,Carter
2228,Jay,Roach
2229,Mike,Newell
2230,Colin,Teague
2231,Doug,Lefler
2232,Paul W.S.,Anderson
2233,James,Wong
2234,Simon,Wincer
2235,Marcus,Nispel
2236,Kyung Ho,Lee
2237,Mark A.Z.,Dippé
2238,Eondeok,Han
2239,Mark Steven,Johnson
2240,Danny,Leiner
2241,Christopher,Nolan
2242,Eugenio,Derbez
2243,John A.,Davis
2244,Nora,Ephron
2245,James,Mangold
2246,Peter,Farrelly
2247,Bobby,Farrelly
2248,Gary,Fleder
2249,Luis,Valdez
2250,Zack,Snyder
2251,Duncan,Jones
2252,Howard,Zieff
2253,Guillermo del,Toro
2254,Oren,Peli
2255,John,Lyde
2256,Steve,Rash
2257,Keenen Ivory,Wayans
2258,John,Stockwell
2259,Gregg,Bishop
2260,Chris,Koch
2261,Baz,Luhrmann
2262,Michael,Pressman
2263,Andrew,Douglas
2264,Jay,Chandrasekhar
2265,Robert,Berlinger
2266,Ricky,Gervais
2267,Matthew,Robinson
2268,Peter,Jackson
2269,Martin,Campbell
2270,Mimi,Leder
2271,Gore,Verbinski
2272,Anthony,Minghella
2273,Ron,Underwood
2274,Brent,Maddock
2275,S.S.,Wilson
2276,Henry,Hathaway
2277,Robert,Zemeckis
2278,Mel,Stuart
2279,Lawrence,Kasdan
2280,Nicole,Conn
2281,Julie,Taymor
2282,Alejandro G.,Iñárritu
2283,Yanyong,Kuruaungkoul
2284,Ridley,Scott
2285,Joe,Roth
2286,Mark Landre,Gould
2287,Lori,Kaye
2288,William H.,Macy
2289,Massy,Tadjedin
2290,Guy,Ritchie
2291,Lenin,Bharathi
2292,James,Foley
2293,Kunihiko,Yuyama
2294,Ranjit,Jeyakodi
2295,Ram,Ram
2296,Mark,Herman
2297,Ben A.,Williams
2298,Stephen,Daldry
2299,John,Fortenberry
2300,Chandrakant,Kulkarni
2301,Uttung,Shelar
2302,Lisa,Arnold
2303,Bedabrata,Pain
2304,Reiner,Holzemer
2305,Nagraj,Manjule
2306,Abba T.,Makama
2307,Joe,Dietsch
2308,Louie,Gibson
2309,Chris,Sivertson
2310,Amar,Gupte
2311,Sooraj R.,Barjatya
2312,Sachin,Sachin
2313,Amardeep Singh,Gill
2314,Jon M.,Chu
2315,Ben,Patterson
2316,Santosh,Manjrekar
2317,Victor Dal,Chele
2318,Alfred,Gimeno
2319,Jacqueline,Monetta
2320,Peter,Pardini
2321,Lars von,Trier
2322,Rebecca,Zlotowski
2323,René Pérez,Joglar
2324,Rajeev,Patil
2325,Sudesh,Manjrekar
2326,Kevin,Phillips
2327,Jee-woon,Kim
2328,Satish,Manwar
2329,Alison,MacLean
2330,David,Koepp
2331,Dan,Bush
2332,Rohit,Mittal
2333,Steve,Hickner
2334,Simon J.,Smith
2335,Matt,Kugelman
2336,Hari,Viswanath
2337,Pieter-Jan De,Pue
2338,Flor,Salcedo
2339,Aaron,Woolf
2340,Abhishek,Chaubey
2341,Charlie,Haskell
2342,Koichi,Sakamoto
2343,James,Barr
2344,Sorin Dan,Mihalcescu
2345,Harold,Cronk
2346,Roberta,Grossman
2347,Sophie,Sartain
2348,David,Bruckner
2349,Ari,Sandel
2350,Caradog W.,James
2351,Tom,Stern
2352,Kelly Duane de la,Vega
2353,Julio,Medem
2354,Deane,Taylor
2355,Luis Javier M.,Henaine
2356,Mathias,Malzieu
2357,Stéphane,Berla
2358,Jenna,Laurenzo
2359,Hark,Tsui
2360,Bob,Nelson
2361,Trevor,Ryan
2362,Michael,Showalter
2363,Stephen,Cone
2364,Julius,Onah
2365,Jordan,Ross
2366,Filippo,Gastaldi
2367,Roland,Joffé
2368,Craig,Moss
2369,Wade,Allain-Marcus
2370,Jesse,Allain-Marcus
2371,Malik,Vitthal
2372,Vonda,Harrell
2373,Daniel,Camenisch
2374,Fabio,Guaglione
2375,Fabio,Resinaro
2376,Carlos,Vermut
2377,Shaina,Allen
2378,Joey,Kern
2379,Hong-seon,Kim
2380,Lilibet,Foster
2381,J.C.,Falcón
2382,Sridhar,Rangayan
2383,Saw Teong,Hin
2384,Nik Amir,Mustapha
2385,M.S. Prem,Nath
2386,Abhinay,Deo
2387,Jesse,Peretz
2388,Michael,Blieden
2389,Sherwin,Shilati
2390,Mark,Columbus
2391,Lauren,Hoekstra
2392,Sarah,Kruchowski
2393,Ryan,Moody
2394,Simon,Savelyev
2395,Vanita,Shastry
2396,Shadae Lamar,Smith
2397,Jeremy David,White
2398,Dejan,Ze_evi_
2399,Lô,Politi
2400,Yuen,Wo-Ping
2401,Charles Martin,Smith
2402,Pawan K,Shrivastava
2403,Tomas,Portella
2404,Kazuchika,Kise
2405,Macon,Blair
2406,Mar,Targarona
2407,Steven,Gomez
2408,Ross,Adam
2409,Aruna,Raje
2410,Alex,Lehmann
2411,Elisabeth,Vogler
2412,Brian A.,Miller
2413,Adam,Smith
2414,Benjamin,Ree
2415,Susannah,Ward
2416,Sam,Taplin
2417,Kasia,Uscinska
2418,Vicky,Matthews
2419,Woo,Min-ho
2420,Nicky Slimting,Walker
2421,Hang-Jun,Jang
2422,Kurt,Voelker
2423,Constance,Marks
2424,Paul,Miller
2425,Michael Del,Monte
2426,Nora,Twomey
2427,Chris,Blake
2428,Johnny,Kevorkian
2429,Amshan,Kumar
2430,David L.G.,Hughes
2431,Ildiko,Enyedi
2432,You-Jeong,Chang
2433,Richard Bates,Jr.
2434,Steve,McLean
2435,Benjamin,Arfmann
2436,Fumihiko,Sori
2437,Shin-yeon,Won
2438,Keith,Scholey
2439,Juan Pablo,Buscarini
2440,Keiichi,Sato
2441,Yasushi,Kawamura
2442,Chad Van De,Keere
2443,Suseenthiran,Suseenthiran
2444,Lucky,McKee
2445,Cecilia,Peck
2446,Sanjeev,Gupta
2447,Paul,Tanter
2448,Stephan,Rick
2449,Mariano,Baez
2450,Stephanie,Laing
2451,Logan,Kibens
2452,Vincent,Perez
2453,Carlos,Marques-Marcet
2454,Prasanth,Varma
2455,Gangadhar,Salimath
2456,Shanawaz,Nellikunnil
2457,Danny J.,Boyle
2458,Rajat,Kapoor
2459,Lars,Kaalund
2460,Hari,Nath
2461,Josh,Webber
2462,Adam,Collins
2463,Luke,Radford
2464,Saket,Chaudhary
2465,Tanuja,Chandra
2466,Jackie van,Beek
2467,Madeleine,Sami
2468,Blair,Hayes
2469,Sachin Kamlakar,Khot
2470,Tolga,Örnek
2471,Daniel,Monzón
2472,Sung-soo,Kim
2473,Chandrakant,Kanse
2474,Atul,Kale
2475,Avadhoot,Gupte
2476,Sanjay,Soorkar
2477,Thomas,Stuber
2478,Christopher,Chambers
2479,Giulio,Base
2480,Scot,McFadyen
2481,Raúl,Arévalo
2482,Matías,Bize
2483,Tanuj,Chopra
2484,Anand,Tiwari
2485,Michael Paul,Stephenson
2486,Colin,Dench
2487,Jesús Magaña,Vázquez
2488,Corey,Grant
2489,Christina,Clusiau
2490,Jevons,Au
2491,Zune,Kwok
2492,Chow,Kwun-wai
2493,Ng,Ka-Leung
2494,Wong,Fei-Pang
2495,Olivier,Assayas
2496,Jeremiah,Zagar
2497,Afonso,Poyart
2498,Christian,Herrendoerfer
2499,Bruce,Sinofsky
2500,Jerry,Kolber
2501,Trey,Nelson
2502,Erich,Sturm
2503,Chris,Weitz
2504,Paul,Weitz
2505,Brad,Peyton
2506,Hsu,Chih-yen
2507,Mag,Hsu
2508,Emma,Hatherley
2509,Meghna,Gulzar
2510,Eddie,Martin
2511,Kelly,Noonan
2512,Rick,Morales
2513,Stephen,Murray
2514,Michael,Winnick
2515,Kelly Fremon,Craig
2516,Kyle,Rankin
2517,Pramod,Pawar
2518,Dan,Gilroy
2519,Milla,Harrison-Hansley
2520,Alicky,Sussman
2521,Fisher,Stevens
2522,Neil,Triffett
2523,Tom,O'Dell
2524,John,Trengove
2525,Ui-seok,Jo
2526,Amber,Tamblyn
2527,Jakob,Schuh
2528,Carlos,Bolado
2529,Gurvinder,Singh
2530,Rohit,Shetty
2531,Farah,Khan
2532,Joaquín,Mazón
2533,John Stewart,Muller
2534,Leandro,Mark
2535,Nicolás,Silbert
2536,Pulkit,Pulkit
2537,Spencer,Williams
2538,Richard E.,Norman
2539,Richard,Maurice
2540,Jonás,Trueba
2541,Peter,DeLuise
2542,Robbie,Countryman
2543,Jason,James
2544,Nic,Mathieu
2545,Pierre,Morel
2546,Sujeeth,Sujeeth
2547,Agasyah,Karim
2548,Khalid,Kashogi
2549,Jonathan,Sobol
2550,Kiran,Rao
2551,David E.,Talbert
2552,Abbas,Tyrewala
2553,Bhagyaraj,Bhagyaraj
2554,Anusha,Rizvi
2555,Mahmood,Farooqui
2556,Aamir,Khan
2557,Baltasar,Kormákur
2558,Chris,Kelly
2559,Karey,Kirkpatrick
2560,Marco,Risi
2561,Anne,Fletcher
2562,Andy,Serkis
2563,Mat,King
2564,Bert,Marcus
2565,BB,Sasore
2566,Atsuko,Ishizuka
2567,Eric,Aghimien
2568,Taki,Oldham
2569,Bruce,Robinson
2570,Joel,Crawford
2571,Roman,Gackowski
2572,Benjamin,Dickinson
2573,Mads,Matthiesen
2574,Simon,Baker
2575,Kasra,Farahani
2576,Ladislas,Chollat
2577,Michael,Mason
2578,Ofir Raul,Graizer
2579,Sacha,Wolff
2580,Sandeep,Chatterjee
2581,Shivam,Nair
2582,Soumitra,Ranade
2583,Manmohan,Desai
2584,Manish,Jha
2585,Raja,Menon
2586,Hrishikesh,Mukherjee
2587,Sagar,Sarhadi
2588,Raj,Kapoor
2589,David,Carson
2590,Tom,Holland
2591,Tanveer,Khan
2592,Chandra,Barot
2593,Ajay,Phansekar
2594,Partho,Ghosh
2595,David,Mirkin
2596,Prakash,Mehra
2597,Bruce,Leddy
2598,Shirish,Kunder
2599,Ahishor,Solomon
2600,Tinnu,Anand
2601,Sai,Paranjape
2602,Gulzar,Gulzar
2603,Remy,Kohli
2604,Shekhar,Kapur
2605,Abhishek,Saxena
2606,Basu,Chatterjee
2607,Sanjay,Dayma
2608,John,Milius
2609,Amit,Rai
2610,Raman,Kumar
2611,Balu,Mahendra
2612,Raj N.,Sippy
2613,Tariq,Khan
2614,Michael,Apted
2615,Roger,Spottiswoode
2616,Sanjay,Patel
2617,Ashu,Trikha
2618,Kushal,Srivastava
2619,Chandra Prakash,Dwivedi
2620,Chris,Bould
2621,Kevin,Booth
2622,David,Johndrow
2623,Walter C.,Miller
2624,Tommy,Avallone
2625,Ellen,Brown
2626,Matt,Askem
2627,Rob,Zombie
2628,Gary,Cohen
2629,Ross,Hockrow
2630,Hugues,Nancy
2631,Alethea,Jones
2632,Guy,Vasilovich
2633,Rich,Ragsdale
2634,Uriel,Sinai
2635,Hidetaka,Inazuka
2636,James,Brown
2637,Paul,Schrader
2638,Diego,Luna
2639,Tim Blake,Nelson
2640,André,Øvredal
2641,Jay,Baruchel
2642,Rodrigo Van Der,Put
2643,John Michael,McDonagh
2644,Theo,Davies
2645,Benoît,Jacquot
2646,Fernando Frías De La,Parra
2647,John,Hillcoat
2648,Måns,Mårlind
2649,Björn,Stein
2650,Ludovic,Bernard
2651,Jason,Moore
2652,Álvaro,Brechner
2653,Levan,Tsikurishvili
2654,Rakesh,Mehta
2655,Mat,Whitecross
2656,Gonzalo,Bendala
2657,Dirk,Laabs
2658,Biyi,Bandele
2659,Andrew,Wessels
2660,Emir,Kusturica
2661,Chris,Renaud
2662,Jason,Stone
2663,Detlev,Buck
2664,Luis,Prieto
2665,Elisa,Fuksas
2666,Vic,Armstrong
2667,Lee Toland,Krieger
2668,Noël,Wells
2669,Marc,Francis
2670,Max,Pugh
2671,Alik,Sakharov
2672,Tony,Giglio
2673,Akiyuki,Shinbo
2674,Nobuyuki,Takeuchi
2675,Ron,Oliver
2676,Shojiro,Nishimi
2677,Guillaume,Renard
2678,J.D.,Dillard
2679,Anthony,Russo
2680,Joe,Russo
2681,Michael,Petroni
2682,Tenzing,Sonam
2683,Pepe,Bojórquez
2684,Daniel,Kontur
2685,Jorge Michel,Grau
2686,Riki,Lindhome
2687,Jeremy,Konner
2688,Ross,Boyask
2689,Bruce,Beresford
2690,Louise,Alston
2691,Sunkanmi,Adebayo
2692,Kheiron,Kheiron
2693,Susanne,Bier
2694,Josh,Mendoza
2695,Diego,Kaplan
2696,Ari,Levinson
2697,Frank Rajah,Arase
2698,Hasraf,Dulull
2699,Gilbert,Chan
2700,Rarecho,Rarecho
2701,Steve,Cheng
2702,Sam,Loh
2703,Jason,Lai
2704,Marco,Deufemia
2705,Lydia,Tenaglia
2706,Thomas,Astruc
2707,Pablo,Parés
2708,David,Grossman
2709,Mario,Cambi
2710,Luc,Vinciguerra
2711,Ahsan,Rahim
2712,Yorgos,Lanthimos
2713,Michael,Barrett
2714,Adam,Nimoy
2715,Elizabeth,Wood
2716,Samit,Kakkad
2717,Kenny,Young
2718,Peter,Orton
2719,Emil,Ben-Shimon
2720,Julia,Hart
2721,Joel,Gallen
2722,Rob W.,King
2723,Ian,MacAllister-McDonald
2724,L.,Frazier
2725,Paul,Reubens
2726,Wayne,Orr
2727,Sebastian,DiNatale
2728,Prasobh,Vijayan
2729,Jon,Rosenbaum
2730,Ekachai,Uekrongtham
2731,Jay,Surridge
2732,Jayson,Thiessen
2733,Steve,Antin
2734,Nuhash,Humayun
2735,Syed Ahmed,Shawki
2736,Rahat,Rahman
2737,ul Alam,Robi
2738,Golam Kibria,Farooki
2739,Mir Mukarram,Hossain
2740,Tanvir,Ahsan
2741,Mahmudul,Islam
2742,Abdullah Al,Noor
2743,Krishnendu,Chattopadhyay
2744,Syed Saleh Ahmed,Sobhan
2745,Sriram,Raghavan
2746,Elaine,Bogan
2747,John,Sanford
2748,Michael,Cuesta
2749,David,Cronenberg
2750,Thom,Zimny
2751,James,Marsh
2752,Gordon,Chan
2753,Vikram,Gandhi
2754,Sean,Hanish
2755,Mark,Williams
2756,Karan,Anshuman
2757,Farhan,Akhtar
2758,Reema,Kagti
2759,Brodje,Wemboendja
2760,Jadesola,Osiberu
2761,Vijay,Lalwani
2762,Shirley,Frimpong-Manso
2763,Hiroshi,Aoyama
2764,Kazumi,Fukushima
2765,Jim,Stenstrum
2766,Sean,Olson
2767,Sigrid Andrea,Bernardo
2768,Elliot,Hegarty
2769,Manoj,Beedha
2770,Vikram,Bhatt
2771,Jody,Lambert
2772,Ernie,Barbarash
2773,Agnidev,Chatterjee
2774,Todd,Standing
2775,Marc,Levin
2776,Manbhavan,Singh
2777,Pa.,Ranjith
2778,Rahat,Kazmi
2779,Nicholas,Kharkongor
2780,Varun,Narvekar
2781,Seth,Henrikson
2782,Devaki,Singh
2783,Luke,Kenny
2784,Benson,Lee
2785,Antonio,Serrano
2786,Chris,Burkard
2787,Sinan,Akku_
2788,Matt,Bell
2789,Ehtesham,Uddin
2790,Elite,Zexer
2791,Pedro,Morelli
2792,John,Banas
2793,Bruce,MacDonald
2794,Gabriel,Sabloff
2795,Mike,Nicoll
2796,Robert O.,Peters
2797,Bunmi,Ajakaiye
2798,M.J.,Bassett
2799,Ding-Lin,Wang
2800,Richard van't,Riet
2801,Nanfu,Wang
2802,Michael,Winterbottom
2803,Jean-Pierre,Dardenne
2804,Luc,Dardenne
2805,Gurinder,Chadha
2806,Josh,Greenbaum
2807,Shonali,Bose
2808,Adam,Alleca
2809,Craig,Anderson
2810,Michael G.,Kehoe
2811,Hiroshi,Katagiri
2812,Ivan,Sen
2813,Anthony,Caronna
2814,Alexander,Smith
2815,Michelle,Johnston
2816,Vijay Kumar,Arora
2817,Matt,Shakman
2818,Gaurav,Bavdankar
2819,David,Raynr
2820,Jagdeep,Sidhu
2821,Malik,Bendjelloul
2822,Jamie M.,Dagg
2823,Brendan,Malloy
2824,Emmett,Malloy
2825,Mukesh,Vohra
2826,Nekfeu,Nekfeu
2827,Tudor,Giurgiu
2828,Cheang Pou,Soi
2829,Katarina,Launing
2830,Gabriel,Clarke
2831,Torquil,Jones
2832,Lawrence,Cheng
2833,Prakash Balwant,Saini
2834,Nam,Ron
2835,Leung Lok,Man
2836,Luk,Kim-ching
2837,Jazz,Boon
2838,Felix,Chong
2839,Dhanush,Dhanush
2840,Gary,Mak
2841,Liu,Jiang
2842,Blake,Harris
2843,Chris,Bouchard
2844,Evan,Spiridellis
2845,Jeff,Gill
2846,Jasbir Bijendra,Bhati
2847,Harjit,Singh
2848,Jon,Carey
2849,Adam,Darke
2850,Jennifer,Lynch
2851,Leopoldo,Aguilar
2852,Nana,Ekvtimishvili
2853,Simon,Gross
2854,Olivier,Jean-Marie
2855,Joseph,Sargent
2856,Ashish R.,Shukla
2857,Ali F.,Mostafa
2858,Myles,Kane
2859,Josh,Koury
2860,Shrihari,Sathe
2861,Ralph,Macchio
2862,Ricardo,Maldonado
2863,Vetrimaaran,Vetrimaaran
2864,Chad L.,Scheifele
2865,Linas,Phillips
2866,Jeff,Margolis
2867,Bauddhayan,Mukherji
2868,Mark,Risley
2869,Stefan,Moore
2870,Tim,Johnson
2871,Aadish,Keluskar
2872,Joe,Murray
2873,Cosmo,Segurson
2874,Alejandro,Montiel
2875,Jesse,Gustafson
2876,Shin,Won-ho
2877,Darren Lynn,Bousman
2878,John,Papola
2879,Osman,Ali
2880,Rolfe,Kanefsky
2881,Joe,DeMaio
2882,Rob,Silvestri
2883,Alex,Burunova
2884,Jesús,Torres
2885,Matthias,Hoene
2886,Chris,Nahon
2887,Ringo,Lam
2888,Alex,Coletti
2889,Mark,Osborne
2890,Christian De,Vita
2891,Abhishek,Varman
2892,Sabir,Khan
2893,Nikhil Nagesh,Bhat
2894,Xiaoxing,Yi
2895,Yoshitaka,Takeuchi
2896,Haoling,Li
2897,Bryan,Fogel
2898,Fabrice Du,Welz
2899,Wong,Jing
2900,Mateo,Gil
2901,Julien,War
2902,Jota,Linares
2903,Cole D.,Pruitt
2904,Erwin van den,Eshof
2905,Lauren Miller,Rogen
2906,Joseph,Mbah
2907,Wagner de,Assis
2908,Robert,Adetuyi
2909,White Trash,Tyler
2910,Van M.,Pham
2911,Gaby,Dellal
2912,John,Barnard
2913,Philip,Yung
2914,Aaron,Burns
2915,Abdellatif,Kechiche
2916,Christopher,Louie
2917,Tim,Rouhana
2918,Ana,Kokkinos
2919,Jordan,Brady
2920,Cate,Shortland
2921,Adam,Wingard
2922,Mohd Khairul Azri Bin Md,Noor
2923,Daniela,Goggi
2924,Toby,Haynes
2925,Yeung,Yat-Tak
2926,Keith L.,Smith
2927,Patrick,Graham
2928,Han,Qing
2929,Ian,Edelman
2930,Robert,McCallum
2931,Rai Yuvraj,Bains
2932,Sunil,Thakur
2933,Muh,Chen
2934,Saurabh,Sinha
2935,Ari,Folman
2936,Bassam,Kurdali
2937,Brian,O'Malley
2938,Peter,Spirer
2939,Michael,Seater
2940,Julia,Reichert
2941,Ashwin,Saravanan
2942,Jun,Lana
2943,Ashwiny Iyer,Tiwari
2944,Atlee,Kumar
2945,Ravi,Udyawar
2946,R.,Balki
2947,Shree Narayan,Singh
2948,Salima,Koroma
2949,Woo Ming,Jin
2950,Shamyl,Othman
2951,Scott Marshall,Smith
2952,Dean,Wright
2953,Lesli Linka,Glatter
2954,Vijay,Kumar
2955,Michael,Thelin
2956,Khalid,Mohamed
2957,Sanjay Leela,Bhansali
2958,Punit,Malhotra
2959,Prem,Soni
2960,Clarence Yiu-leung,Fok
2961,Prabhu,Deva
2962,Mandeep,Kumar
2963,Michael,Drumm
2964,Fabrizio,Copano
2965,Augusto,Matte
2966,Esteban,Vidal
2967,Liu,Jie
2968,Ding,Sheng
2969,Justin,Krook
2970,Gervasio,Iglesias
2971,Will,Gluck
2972,Daniel,Lindsay
2973,Tommy,Wirkola
2974,Michael,Carney
2975,Manuel Martín,Cuenca
2976,Y. Joon,Chung
2977,Mark,Murphy
2978,Tarsem,Singh
2979,Michael,Tiddes
2980,Kepa,Sojo
2981,Chia-Liang,Liu
2982,Sze Yu,Lau
2983,Li,Pei-Chuan
2984,Anthony,Chan
2985,Siu-hung,Chung
2986,Chia,Tang
2987,Alex,Law
2988,Herman,Yau
2989,Johnny,To
2990,Zach,Braff
2991,Rajiv,Chilaka
2992,Binayak,Das
2993,Cho,Li
2994,Chen,Hung-yi
2995,Weica,Wang
2996,Liu,Bang-yao
2997,Lin,Guan-fu
2998,Shen,Chi
2999,YC Tom,Lee
3000,Kyle,Rideout
3001,Viju,Mane
3002,Girish,Mohite
3003,Ravi,Jadhav
3004,Rucha,Humnabadkar
3005,Scott,Cooper
3006,Nathaniel,Warsh
3007,Anthony,Wonke
3008,Robert,Nixon
3009,Manu,Ashokan
3010,Anita,Udeep
3011,Max,McGill
3012,Victor,Zarcoff
3013,Jean-Claude La,Marre
3014,Jorge Hernandez,Aldana
3015,Majid,Majidi
3016,Jake,Szymanski
3017,Floyd,Russ
3018,Will,Canon
3019,Barney,Clay
3020,Khaled El,Halafawy
3021,Todor,Chapkanov
3022,Louis,Leterrier
3023,Prawal,Raman
3024,Rajesh,Mapuskar
3025,Alexandre,Aja
3026,Kazuaki,Kiriya
3027,Phanindra,Narsetti
3028,Bharat,Nalluri
3029,John G.,Avildsen
3030,Sylvester,Stallone
3031,Nancy,Meyers
3032,Beeban,Kidron
3033,Paul,Raschid
3034,Mel,Smith
3035,Jesse,Handsher
3036,Olivier,Roland
3037,Bradley,Parker
3038,Gregory,Caruso
3039,Vishnu,Govindhan
3040,Alan,Mak
3041,Pablo,Giorgelli
3042,Andrés,Couturier
3043,B.N. jeer,Sha
3044,Hua,Shan
3045,Amaan,Khan
3046,Pablo D'Alo,Abba
3047,Binu,Ulahhannan
3048,Anil,Thomas
3049,Sabu,Varghese
3050,Richard,Correll
3051,Amir,Mohiuddin
3052,Zakariya,Zakariya
3053,Maria,Burton
3054,Charlie,Vaughn
3055,Avinash,Das
3056,Paul,Serafini
3057,April,Mullen
3058,Tom,Tykwer
3059,John,Butler
3060,Ali,Scher
3061,Isaac,Rentz
3062,Christopher,Murray
3063,Smriti,Keshari
3064,Eric,Schlosser
3065,David,Briggs
3066,Claude,Lelouch
3067,J.F.,Musial
3068,Josh,Vietze
3069,Neil,Armfield
3070,Christopher,Martin
3071,Tom,Whitter
3072,Will,Graham
3073,James,Duffy
3074,Jonathan van,Tulleken
3075,Elizabeth,Banks
3076,Patrik,Forsberg
3077,James,Gunn
3078,Brian M.,Conley
3079,Nathan,Ives
3080,Lena,Khan
3081,David,Wnendt
3082,Suman,Mukhopadhyay
3083,Karthik,Subbaraj
3084,Brian,Smrz
3085,Reijer,Zwaan
3086,Joe,Swanberg
3087,Maria,Pulera
3088,Marja Lewis,Ryan
3089,Ryan,Koo
3090,Hatem,Khraiche
3091,Derek,Peck
3092,Jennifer,Morrison
3093,Mitzi Vanessa,Arreola
3094,Amir Galvan,Cervera
3095,Nicolas,Pesce
3096,Jeremiah,Jones
3097,Dave,Patten
3098,Prabhuraj,Prabhuraj
3099,Brie,Larson
3100,Katherine Fairfax,Wright
3101,Hèctor Hernández,Vicens
3102,Holger,Tappe
3103,C.J.,Wallis
3104,Çagan,Irmak
3105,Amit,Roy
3106,Teddy,Lussi-Modeste
3107,Daniel,Lee
3108,Anggy,Umbara
3109,Kader,Aoun
3110,Abhay,Chopra
3111,Lee,Chang-dong
3112,Kranti,Kanade
3113,Dar,Gai
3114,Brandon,Kimber
3115,Evan,Katz
3116,Andrea,Arnold
3117,Ben,Shelton
3118,Curro,Velázquez
3119,Robert,Smigel
3120,Khaled,Youssef
3121,Wael,Ehsan
3122,Joachim,Rønning
3123,Espen,Sandberg
3124,Sathyan,Anthikad
3125,Wayne,Blair
3126,Max,Amini
3127,Dimitri,Logothetis
3128,Simon,Stone
3129,Yam,Laranas
3130,Ahmad Samir,Farag
3131,Jason,Sussberg
3132,David,Alvarado
3133,Célia,Catunda
3134,Kiko,Mistrorigo
3135,Rodrigo,Eba
3136,Gauri,Shinde
3137,Oliver,Schmitz
3138,Felix,Herngren
3139,Måns,Herngren
3140,Sabal Singh,Shekawat
3141,Adam Del,Giudice
3142,Robert,Tate
3143,Gareth,Sacala
3144,Louise,Wardle
3145,Kareem,Tabsch
3146,Fernando,Coimbra
3147,Adam,Leon
3148,Bille,August
3149,Rebecca,Addelman
3150,Olivia,Milch
3151,Mark,Raso
3152,Heather,Walsh
3153,Dylan C.,Brown
3154,Shelly Chopra,Dhar
3155,Shanjey Kumar,Perumal
3156,Jarrad,Paul
3157,Andrew,Mogel
3158,Michael,Doneger
3159,Ken,Loach
3160,Sarthak,Dasgupta
3161,Jennifer Kaytin,Robinson
3162,Christopher Loren,Ewers
3163,Erik,Ewers
3164,Renato De,Maria
3165,Pedro,Coutinho
3166,Jason,Kwan
3167,Barak,Goodman
3168,Ismail,Farouk
3169,Ossama Abu El,Atta
3170,Simon,Verhoeven
3171,Alan,Rickman
3172,Hasan,Karacada_
3173,Dylan,Haegens
3174,Bas van,Teylingen
3175,Jon,Lucas
3176,Scott,Moore
3177,Richard,Curtis
3178,Tom,Shadyac
3179,Bill,Oliver
3180,Jennifer,Beamish
3181,Toby,Trackman
3182,Gabe,Klinger
3183,David Gordon,Green
3184,Anant,Balani
3185,Soukarya,Ghosal
3186,Amitabha,Singh
3187,Carly,Stone
3188,Liam,O'Donnell
3189,Bruce,Gowers
3190,Michael,Lennox
3191,Andrea,Molaioli
3192,Aaron,Nee
3193,Adam,Nee
3194,Felix Van,Groeningen
3195,Chris,Bell
3196,Josh,Alexander
3197,Greg,Young
3198,Ken,Barbet
3199,Dallas,Jackson
3200,Sam,Taylor-Johnson
3201,Marie,Madinier
3202,Miguel Ángel,Lamata
3203,Antonio,Chavarrías
3204,Gabriel,Julien-Laferrière
3205,Yeo Siew,Hua
3206,Joshua,Marston
3207,Eleonore,Pourriat
3208,Zoe,Lister-Jones
3209,Mike,Wiluan
3210,Ayush,Raina
3211,Chris,Nelson
3212,Peter,Webber
3213,Lee,Kyoungmi
3214,Yim,Pilsung
3215,Jeon,Go-woon
3216,Kim,Jong-kwan
3217,Michael,Kennedy
3218,John R.,Leonetti
3219,Grant S.,Johnson
3220,Ippsie,Jones
3221,Shravan,Kumar
3222,Julien Christian,Lutz
3223,Nick,Davis
3224,Jason,Winer
3225,Huang,Jianming
3226,Laura VanZee,Taylor
3227,Gerry,Hoban
3228,Tianyu,Zhao
3229,Richard,LaGravenese
3230,Mark,Palansky
3231,Shazia Ali,Khan
3232,Stacy,Title
3233,Erik,White
3234,Ben,Brewer
3235,Alex,Brewer
3236,Victoria,Bromley
3237,Philip G.,Atwell
3238,Stephen,Gyllenhaal
3239,Diego,Lerman
3240,Don,Bluth
3241,Phil,Nibbelink
3242,Larry,Latham
3243,Phil,Weinstein
3244,Kaspar Astrup,Schröder
3245,Gary David,Goldberg
3246,Raj Amit,Kumar
3247,Jocelyn,Moorhouse
3248,Jared,Cohn
3249,Tathagata,Banerjee
3250,Ananda,Krishnan
3251,Amol,Palekar
3252,Atanu,Mukherjee
3253,Billy,Ray
3254,Esteban,Sapir
3255,Benedict,Andrews
3256,Sushrut,Jain
3257,Gayane,Petrosyan
3258,Shivendra Singh,Dungarpur
3259,Alexandre,Reinecke
3260,Philipp,Eichholtz
3261,Jamal,Hill
3262,Daniel,Gordon
3263,K.,Ramanlal
3264,Maris,Curran
3265,Avinash,Arun
3266,Ed,Gass-Donnelly
3267,Takuya,Igarashi
3268,A.,Salaam
3269,Eduardo,Casanova
3270,Louis,Pepe
3271,Daniel,Burman
3272,Kike,Maíllo
3273,Zatella,Beatty
3274,Ralph,Hemecker
3275,Gwyneth,Horder-Payton
3276,Milan,Cheylov
3277,Dean,White
3278,Michael,Waxman
3279,Bryan,Spicer
3280,Danny,Cannon
3281,Hayato,Date
3282,Michael,Cumming
3283,Go,Koga
3284,Everardo,Gout
3285,Phil,Sgriccia
3286,Rob,Seidenglanz
3287,Jesse,Warn
3288,Glen,Winter
3289,Carlos,Sedes
3290,James,Bamford
3291,Philippa,Lowthorpe
3292,Ian,Barber
3293,Gordon,Anderson
3294,Stefan,Brogren
3295,Tony,Collingwood
3296,Yasuhiro,Irie
3297,James,Hawes
3298,Jung-ah,Im
3299,Seung-uk,Jo
3300,Andy,Devonshire
3301,Onur,Ünlü