listed_in_id,listed_in
1,Children & Family Movies
2,Comedies
3,International TV Shows
4,Spanish-Language TV Shows
5,International Movies
6,Sci-Fi & Fantasy
7,Thrillers
8,Stand-Up Comedy
9,Science & Nature TV
10,Action & Adventure
11,Dramas
12,Cult Movies
13,Independent Movies
14,Romantic Movies
15,Horror Movies
16,Romantic TV Shows
17,TV Comedies
18,TV Dramas
19,TV Thrillers
20,Documentaries
21,TV Mysteries
22,Docuseries
23,Music & Musicals
24,Reality TV
25,TV Action & Adventure
26,Teen TV Shows
27,Faith & Spirituality
28,Korean TV Shows
29,Crime TV Shows
30,LGBTQ Movies
31,Movies
32,Kids' TV
33,British TV Shows
34,TV Horror
35,TV Sci-Fi & Fantasy
36,Classic Movies
37,Sports Movies
38,Anime Features
39,Stand-Up Comedy & Talk Shows
40,Anime Series
41,TV Shows
42,Classic & Cult TV